model_name,algorithm_seed,paper_label,implementation_status,split_role,city_id,independent_unit_id,bank_id,position_id,world,budget,draw,localization_error_m,predicted_x_m,predicted_y_m,variance_x_m2,variance_y_m2,uncertainty,artifact_label,dataset_sha256,config_sha256,fixture,scientific_use,source_tree_sha256,requirements_lock_sha256,runtime_provenance_sha256
CSI-MAE,20260901,CSI-MAE paper-spec controlled implementation,paper-spec-controlled-implementation,source_final_unseen_bank,source-a,fixture-base-12,fixture-bank-12,source-a:fixture-bank-12:p0000,0,0,0,2.1517927646636963,-0.10369880497455597,-0.37170514464378357,0.817754864692688,0.39002448320388794,-1.1427384614944458,csi-pairs-v6-software-fixture,ded1ec639ff3e6fd5eba769d42db1ed36222a48af333a30a670254b30b164b74,620f300cbec1f56da4691882bc7dbe52593dc597fc62f6ae925c0f6ac72f1c6b,True,FORBIDDEN,0901433cbfe906073eae45118a1466e03afab04a766a3061a988ffe089ba4e01,9548a24a4faf5db17b5251df407b4402de033ae8648ec321c850fe6105002cf1,8128818d8ea8f5c3517d04da28955f010269df61e756429957a0a032386f6c51
CSI-MAE,20260901,CSI-MAE paper-spec controlled implementation,paper-spec-controlled-implementation,source_final_unseen_bank,source-a,fixture-base-12,fixture-bank-12,source-a:fixture-bank-12:p0001,0,0,0,2.4410855770111084,-0.20296017825603485,-0.45534956455230713,0.7860738635063171,0.37555232644081116,-1.220062017440796,csi-pairs-v6-software-fixture,ded1ec639ff3e6fd5eba769d42db1ed36222a48af333a30a670254b30b164b74,620f300cbec1f56da4691882bc7dbe52593dc597fc62f6ae925c0f6ac72f1c6b,True,FORBIDDEN,0901433cbfe906073eae45118a1466e03afab04a766a3061a988ffe089ba4e01,9548a24a4faf5db17b5251df407b4402de033ae8648ec321c850fe6105002cf1,8128818d8ea8f5c3517d04da28955f010269df61e756429957a0a032386f6c51
CSI-MAE,20260901,CSI-MAE paper-spec controlled implementation,paper-spec-controlled-implementation,source_final_unseen_bank,source-a,fixture-base-12,fixture-bank-12,source-a:fixture-bank-12:p0002,0,0,0,0.7857695817947388,-0.19266074895858765,-0.4475955069065094,0.7483370900154114,0.3774404525756836,-1.2642441987991333,csi-pairs-v6-software-fixture,ded1ec639ff3e6fd5eba769d42db1ed36222a48af333a30a670254b30b164b74,620f300cbec1f56da4691882bc7dbe52593dc597fc62f6ae925c0f6ac72f1c6b,True,FORBIDDEN,0901433cbfe906073eae45118a1466e03afab04a766a3061a988ffe089ba4e01,9548a24a4faf5db17b5251df407b4402de033ae8648ec321c850fe6105002cf1,8128818d8ea8f5c3517d04da28955f010269df61e756429957a0a032386f6c51
CSI-MAE,20260901,CSI-MAE paper-spec controlled implementation,paper-spec-controlled-implementation,source_final_unseen_bank,source-a,fixture-base-12,fixture-bank-12,source-a:fixture-bank-12:p0003,0,0,0,1.0089569091796875,-0.09075065702199936,-0.3657117784023285,0.8098931908607483,0.3910427987575531,-1.1497911214828491,csi-pairs-v6-software-fixture,ded1ec639ff3e6fd5eba769d42db1ed36222a48af333a30a670254b30b164b74,620f300cbec1f56da4691882bc7dbe52593dc597fc62f6ae925c0f6ac72f1c6b,True,FORBIDDEN,0901433cbfe906073eae45118a1466e03afab04a766a3061a988ffe089ba4e01,9548a24a4faf5db17b5251df407b4402de033ae8648ec321c850fe6105002cf1,8128818d8ea8f5c3517d04da28955f010269df61e756429957a0a032386f6c51
CSI-MAE,20260901,CSI-MAE paper-spec controlled implementation,paper-spec-controlled-implementation,source_final_unseen_bank,source-a,fixture-base-12,fixture-bank-12,source-a:fixture-bank-12:p0004,0,0,0,1.2514145374298096,-0.15937064588069916,-0.4072338342666626,0.7860354781150818,0.3820831775665283,-1.2028703689575195,csi-pairs-v6-software-fixture,ded1ec639ff3e6fd5eba769d42db1ed36222a48af333a30a670254b30b164b74,620f300cbec1f56da4691882bc7dbe52593dc597fc62f6ae925c0f6ac72f1c6b,True,FORBIDDEN,0901433cbfe906073eae45118a1466e03afab04a766a3061a988ffe089ba4e01,9548a24a4faf5db17b5251df407b4402de033ae8648ec321c850fe6105002cf1,8128818d8ea8f5c3517d04da28955f010269df61e756429957a0a032386f6c51
CSI-MAE,20260901,CSI-MAE paper-spec controlled implementation,paper-spec-controlled-implementation,source_final_unseen_bank,source-a,fixture-base-12,fixture-bank-12,source-a:fixture-bank-12:p0005,0,0,0,1.5947847366333008,-0.19503304362297058,-0.4434163570404053,0.7915186882019043,0.3771255314350128,-1.2089788913726807,csi-pairs-v6-software-fixture,ded1ec639ff3e6fd5eba769d42db1ed36222a48af333a30a670254b30b164b74,620f300cbec1f56da4691882bc7dbe52593dc597fc62f6ae925c0f6ac72f1c6b,True,FORBIDDEN,0901433cbfe906073eae45118a1466e03afab04a766a3061a988ffe089ba4e01,9548a24a4faf5db17b5251df407b4402de033ae8648ec321c850fe6105002cf1,8128818d8ea8f5c3517d04da28955f010269df61e756429957a0a032386f6c51
CSI-MAE,20260901,CSI-MAE paper-spec controlled implementation,paper-spec-controlled-implementation,source_final_unseen_bank,source-a,fixture-base-12,fixture-bank-12,source-a:fixture-bank-12:p0006,0,0,0,1.7203618288040161,-0.1281583607196808,-0.3895118534564972,0.8179885149002075,0.38690540194511414,-1.1504820585250854,csi-pairs-v6-software-fixture,ded1ec639ff3e6fd5eba769d42db1ed36222a48af333a30a670254b30b164b74,620f300cbec1f56da4691882bc7dbe52593dc597fc62f6ae925c0f6ac72f1c6b,True,FORBIDDEN,0901433cbfe906073eae45118a1466e03afab04a766a3061a988ffe089ba4e01,9548a24a4faf5db17b5251df407b4402de033ae8648ec321c850fe6105002cf1,8128818d8ea8f5c3517d04da28955f010269df61e756429957a0a032386f6c51
CSI-MAE,20260901,CSI-MAE paper-spec controlled implementation,paper-spec-controlled-implementation,source_final_unseen_bank,source-a,fixture-base-12,fixture-bank-12,source-a:fixture-bank-12:p0007,0,0,0,2.007476806640625,-0.14668583869934082,-0.39830511808395386,0.8148673176765442,0.38456475734710693,-1.1603729724884033,csi-pairs-v6-software-fixture,ded1ec639ff3e6fd5eba769d42db1ed36222a48af333a30a670254b30b164b74,620f300cbec1f56da4691882bc7dbe52593dc597fc62f6ae925c0f6ac72f1c6b,True,FORBIDDEN,0901433cbfe906073eae45118a1466e03afab04a766a3061a988ffe089ba4e01,9548a24a4faf5db17b5251df407b4402de033ae8648ec321c850fe6105002cf1,8128818d8ea8f5c3517d04da28955f010269df61e756429957a0a032386f6c51
CSI-MAE,20260901,CSI-MAE paper-spec controlled implementation,paper-spec-controlled-implementation,source_final_unseen_bank,source-b,fixture-base-13,fixture-bank-13,source-b:fixture-bank-13:p0000,1,0,0,3.0073347091674805,-0.14327798783779144,-0.3730795979499817,0.7820126414299011,0.38257837295532227,-1.206706166267395,csi-pairs-v6-software-fixture,ded1ec639ff3e6fd5eba769d42db1ed36222a48af333a30a670254b30b164b74,620f300cbec1f56da4691882bc7dbe52593dc597fc62f6ae925c0f6ac72f1c6b,True,FORBIDDEN,0901433cbfe906073eae45118a1466e03afab04a766a3061a988ffe089ba4e01,9548a24a4faf5db17b5251df407b4402de033ae8648ec321c850fe6105002cf1,8128818d8ea8f5c3517d04da28955f010269df61e756429957a0a032386f6c51
CSI-MAE,20260901,CSI-MAE paper-spec controlled implementation,paper-spec-controlled-implementation,source_final_unseen_bank,source-b,fixture-base-13,fixture-bank-13,source-b:fixture-bank-13:p0001,1,0,0,2.5252201557159424,-0.07875996083021164,-0.3453543186187744,0.827271580696106,0.3917936682701111,-1.1266422271728516,csi-pairs-v6-software-fixture,ded1ec639ff3e6fd5eba769d42db1ed36222a48af333a30a670254b30b164b74,620f300cbec1f56da4691882bc7dbe52593dc597fc62f6ae925c0f6ac72f1c6b,True,FORBIDDEN,0901433cbfe906073eae45118a1466e03afab04a766a3061a988ffe089ba4e01,9548a24a4faf5db17b5251df407b4402de033ae8648ec321c850fe6105002cf1,8128818d8ea8f5c3517d04da28955f010269df61e756429957a0a032386f6c51
CSI-MAE,20260901,CSI-MAE paper-spec controlled implementation,paper-spec-controlled-implementation,source_final_unseen_bank,source-b,fixture-base-13,fixture-bank-13,source-b:fixture-bank-13:p0002,1,0,0,1.5961334705352783,-0.14987820386886597,-0.39674192667007446,0.7781837582588196,0.3811715543270111,-1.2152982950210571,csi-pairs-v6-software-fixture,ded1ec639ff3e6fd5eba769d42db1ed36222a48af333a30a670254b30b164b74,620f300cbec1f56da4691882bc7dbe52593dc597fc62f6ae925c0f6ac72f1c6b,True,FORBIDDEN,0901433cbfe906073eae45118a1466e03afab04a766a3061a988ffe089ba4e01,9548a24a4faf5db17b5251df407b4402de033ae8648ec321c850fe6105002cf1,8128818d8ea8f5c3517d04da28955f010269df61e756429957a0a032386f6c51
CSI-MAE,20260901,CSI-MAE paper-spec controlled implementation,paper-spec-controlled-implementation,source_final_unseen_bank,source-b,fixture-base-13,fixture-bank-13,source-b:fixture-bank-13:p0003,1,0,0,2.363339900970459,-0.1407371163368225,-0.3929682970046997,0.816020131111145,0.3837119936943054,-1.1611793041229248,csi-pairs-v6-software-fixture,ded1ec639ff3e6fd5eba769d42db1ed36222a48af333a30a670254b30b164b74,620f300cbec1f56da4691882bc7dbe52593dc597fc62f6ae925c0f6ac72f1c6b,True,FORBIDDEN,0901433cbfe906073eae45118a1466e03afab04a766a3061a988ffe089ba4e01,9548a24a4faf5db17b5251df407b4402de033ae8648ec321c850fe6105002cf1,8128818d8ea8f5c3517d04da28955f010269df61e756429957a0a032386f6c51
CSI-MAE,20260901,CSI-MAE paper-spec controlled implementation,paper-spec-controlled-implementation,source_final_unseen_bank,source-b,fixture-base-13,fixture-bank-13,source-b:fixture-bank-13:p0004,1,0,0,2.255767822265625,-0.12597113847732544,-0.3547138273715973,0.8153234124183655,0.38023853302001953,-1.1711269617080688,csi-pairs-v6-software-fixture,ded1ec639ff3e6fd5eba769d42db1ed36222a48af333a30a670254b30b164b74,620f300cbec1f56da4691882bc7dbe52593dc597fc62f6ae925c0f6ac72f1c6b,True,FORBIDDEN,0901433cbfe906073eae45118a1466e03afab04a766a3061a988ffe089ba4e01,9548a24a4faf5db17b5251df407b4402de033ae8648ec321c850fe6105002cf1,8128818d8ea8f5c3517d04da28955f010269df61e756429957a0a032386f6c51
CSI-MAE,20260901,CSI-MAE paper-spec controlled implementation,paper-spec-controlled-implementation,source_final_unseen_bank,source-b,fixture-base-13,fixture-bank-13,source-b:fixture-bank-13:p0005,1,0,0,2.646554708480835,-0.21875445544719696,-0.4765753149986267,0.77189701795578,0.3747928738594055,-1.240285873413086,csi-pairs-v6-software-fixture,ded1ec639ff3e6fd5eba769d42db1ed36222a48af333a30a670254b30b164b74,620f300cbec1f56da4691882bc7dbe52593dc597fc62f6ae925c0f6ac72f1c6b,True,FORBIDDEN,0901433cbfe906073eae45118a1466e03afab04a766a3061a988ffe089ba4e01,9548a24a4faf5db17b5251df407b4402de033ae8648ec321c850fe6105002cf1,8128818d8ea8f5c3517d04da28955f010269df61e756429957a0a032386f6c51
CSI-MAE,20260901,CSI-MAE paper-spec controlled implementation,paper-spec-controlled-implementation,source_final_unseen_bank,source-b,fixture-base-13,fixture-bank-13,source-b:fixture-bank-13:p0006,1,0,0,1.7755136489868164,-0.15695121884346008,-0.40398046374320984,0.8072735071182251,0.3821888566017151,-1.1759331226348877,csi-pairs-v6-software-fixture,ded1ec639ff3e6fd5eba769d42db1ed36222a48af333a30a670254b30b164b74,620f300cbec1f56da4691882bc7dbe52593dc597fc62f6ae925c0f6ac72f1c6b,True,FORBIDDEN,0901433cbfe906073eae45118a1466e03afab04a766a3061a988ffe089ba4e01,9548a24a4faf5db17b5251df407b4402de033ae8648ec321c850fe6105002cf1,8128818d8ea8f5c3517d04da28955f010269df61e756429957a0a032386f6c51
CSI-MAE,20260901,CSI-MAE paper-spec controlled implementation,paper-spec-controlled-implementation,source_final_unseen_bank,source-b,fixture-base-13,fixture-bank-13,source-b:fixture-bank-13:p0007,1,0,0,3.2734010219573975,-0.17274996638298035,-0.42359891533851624,0.8042864203453064,0.37974661588668823,-1.1860508918762207,csi-pairs-v6-software-fixture,ded1ec639ff3e6fd5eba769d42db1ed36222a48af333a30a670254b30b164b74,620f300cbec1f56da4691882bc7dbe52593dc597fc62f6ae925c0f6ac72f1c6b,True,FORBIDDEN,0901433cbfe906073eae45118a1466e03afab04a766a3061a988ffe089ba4e01,9548a24a4faf5db17b5251df407b4402de033ae8648ec321c850fe6105002cf1,8128818d8ea8f5c3517d04da28955f010269df61e756429957a0a032386f6c51
CSI-MAE,20260901,CSI-MAE paper-spec controlled implementation,paper-spec-controlled-implementation,target,target-a,fixture-base-14,fixture-bank-14,target-a:fixture-bank-14:p0004,2,0,0,1.2455928325653076,-0.16417166590690613,-0.4080733060836792,0.7933630347251892,0.38222482800483704,-1.193220615386963,csi-pairs-v6-software-fixture,ded1ec639ff3e6fd5eba769d42db1ed36222a48af333a30a670254b30b164b74,620f300cbec1f56da4691882bc7dbe52593dc597fc62f6ae925c0f6ac72f1c6b,True,FORBIDDEN,0901433cbfe906073eae45118a1466e03afab04a766a3061a988ffe089ba4e01,9548a24a4faf5db17b5251df407b4402de033ae8648ec321c850fe6105002cf1,8128818d8ea8f5c3517d04da28955f010269df61e756429957a0a032386f6c51
CSI-MAE,20260901,CSI-MAE paper-spec controlled implementation,paper-spec-controlled-implementation,target,target-a,fixture-base-14,fixture-bank-14,target-a:fixture-bank-14:p0005,2,0,0,1.59177565574646,-0.20524147152900696,-0.4558083415031433,0.7825759649276733,0.37622708082199097,-1.222726583480835,csi-pairs-v6-software-fixture,ded1ec639ff3e6fd5eba769d42db1ed36222a48af333a30a670254b30b164b74,620f300cbec1f56da4691882bc7dbe52593dc597fc62f6ae925c0f6ac72f1c6b,True,FORBIDDEN,0901433cbfe906073eae45118a1466e03afab04a766a3061a988ffe089ba4e01,9548a24a4faf5db17b5251df407b4402de033ae8648ec321c850fe6105002cf1,8128818d8ea8f5c3517d04da28955f010269df61e756429957a0a032386f6c51
CSI-MAE,20260901,CSI-MAE paper-spec controlled implementation,paper-spec-controlled-implementation,target,target-a,fixture-base-14,fixture-bank-14,target-a:fixture-bank-14:p0006,2,0,0,1.7995082139968872,-0.15422792732715607,-0.3994816243648529,0.8111951351165771,0.38231393694877625,-1.1707597970962524,csi-pairs-v6-software-fixture,ded1ec639ff3e6fd5eba769d42db1ed36222a48af333a30a670254b30b164b74,620f300cbec1f56da4691882bc7dbe52593dc597fc62f6ae925c0f6ac72f1c6b,True,FORBIDDEN,0901433cbfe906073eae45118a1466e03afab04a766a3061a988ffe089ba4e01,9548a24a4faf5db17b5251df407b4402de033ae8648ec321c850fe6105002cf1,8128818d8ea8f5c3517d04da28955f010269df61e756429957a0a032386f6c51
CSI-MAE,20260901,CSI-MAE paper-spec controlled implementation,paper-spec-controlled-implementation,target,target-a,fixture-base-14,fixture-bank-14,target-a:fixture-bank-14:p0007,2,0,0,3.271190881729126,-0.11670757830142975,-0.38291409611701965,0.7865550518035889,0.38625574111938477,-1.1913480758666992,csi-pairs-v6-software-fixture,ded1ec639ff3e6fd5eba769d42db1ed36222a48af333a30a670254b30b164b74,620f300cbec1f56da4691882bc7dbe52593dc597fc62f6ae925c0f6ac72f1c6b,True,FORBIDDEN,0901433cbfe906073eae45118a1466e03afab04a766a3061a988ffe089ba4e01,9548a24a4faf5db17b5251df407b4402de033ae8648ec321c850fe6105002cf1,8128818d8ea8f5c3517d04da28955f010269df61e756429957a0a032386f6c51
CSI-MAE,20260901,CSI-MAE paper-spec controlled implementation,paper-spec-controlled-implementation,target,target-a,fixture-base-16,fixture-bank-16,target-a:fixture-bank-16:p0004,0,0,0,1.2449171543121338,-0.17585299909114838,-0.4153306782245636,0.7861538529396057,0.3808605372905731,-1.2059247493743896,csi-pairs-v6-software-fixture,ded1ec639ff3e6fd5eba769d42db1ed36222a48af333a30a670254b30b164b74,620f300cbec1f56da4691882bc7dbe52593dc597fc62f6ae925c0f6ac72f1c6b,True,FORBIDDEN,0901433cbfe906073eae45118a1466e03afab04a766a3061a988ffe089ba4e01,9548a24a4faf5db17b5251df407b4402de033ae8648ec321c850fe6105002cf1,8128818d8ea8f5c3517d04da28955f010269df61e756429957a0a032386f6c51
CSI-MAE,20260901,CSI-MAE paper-spec controlled implementation,paper-spec-controlled-implementation,target,target-a,fixture-base-16,fixture-bank-16,target-a:fixture-bank-16:p0005,0,0,0,1.592168927192688,-0.17240208387374878,-0.4240516424179077,0.8031260371208191,0.3807465732097626,-1.18486487865448,csi-pairs-v6-software-fixture,ded1ec639ff3e6fd5eba769d42db1ed36222a48af333a30a670254b30b164b74,620f300cbec1f56da4691882bc7dbe52593dc597fc62f6ae925c0f6ac72f1c6b,True,FORBIDDEN,0901433cbfe906073eae45118a1466e03afab04a766a3061a988ffe089ba4e01,9548a24a4faf5db17b5251df407b4402de033ae8648ec321c850fe6105002cf1,8128818d8ea8f5c3517d04da28955f010269df61e756429957a0a032386f6c51
CSI-MAE,20260901,CSI-MAE paper-spec controlled implementation,paper-spec-controlled-implementation,target,target-a,fixture-base-16,fixture-bank-16,target-a:fixture-bank-16:p0006,0,0,0,1.8287826776504517,-0.12928642332553864,-0.390827476978302,0.8180932998657227,0.38654935359954834,-1.151274561882019,csi-pairs-v6-software-fixture,ded1ec639ff3e6fd5eba769d42db1ed36222a48af333a30a670254b30b164b74,620f300cbec1f56da4691882bc7dbe52593dc597fc62f6ae925c0f6ac72f1c6b,True,FORBIDDEN,0901433cbfe906073eae45118a1466e03afab04a766a3061a988ffe089ba4e01,9548a24a4faf5db17b5251df407b4402de033ae8648ec321c850fe6105002cf1,8128818d8ea8f5c3517d04da28955f010269df61e756429957a0a032386f6c51
CSI-MAE,20260901,CSI-MAE paper-spec controlled implementation,paper-spec-controlled-implementation,target,target-a,fixture-base-16,fixture-bank-16,target-a:fixture-bank-16:p0007,0,0,0,2.1250157356262207,-0.17309126257896423,-0.42369532585144043,0.7716493606567383,0.38224324584007263,-1.2209231853485107,csi-pairs-v6-software-fixture,ded1ec639ff3e6fd5eba769d42db1ed36222a48af333a30a670254b30b164b74,620f300cbec1f56da4691882bc7dbe52593dc597fc62f6ae925c0f6ac72f1c6b,True,FORBIDDEN,0901433cbfe906073eae45118a1466e03afab04a766a3061a988ffe089ba4e01,9548a24a4faf5db17b5251df407b4402de033ae8648ec321c850fe6105002cf1,8128818d8ea8f5c3517d04da28955f010269df61e756429957a0a032386f6c51
CSI-MAE,20260901,CSI-MAE paper-spec controlled implementation,paper-spec-controlled-implementation,target,target-a,fixture-base-14,fixture-bank-14,target-a:fixture-bank-14:p0004,2,2,0,1.24300217628479,-0.17643114924430847,-0.42212986946105957,0.7941771149635315,0.3846002519130707,-1.1859996318817139,csi-pairs-v6-software-fixture,ded1ec639ff3e6fd5eba769d42db1ed36222a48af333a30a670254b30b164b74,620f300cbec1f56da4691882bc7dbe52593dc597fc62f6ae925c0f6ac72f1c6b,True,FORBIDDEN,0901433cbfe906073eae45118a1466e03afab04a766a3061a988ffe089ba4e01,9548a24a4faf5db17b5251df407b4402de033ae8648ec321c850fe6105002cf1,8128818d8ea8f5c3517d04da28955f010269df61e756429957a0a032386f6c51
CSI-MAE,20260901,CSI-MAE paper-spec controlled implementation,paper-spec-controlled-implementation,target,target-a,fixture-base-14,fixture-bank-14,target-a:fixture-bank-14:p0005,2,2,0,1.5937058925628662,-0.21630048751831055,-0.470010906457901,0.7826069593429565,0.3784942030906677,-1.2166792154312134,csi-pairs-v6-software-fixture,ded1ec639ff3e6fd5eba769d42db1ed36222a48af333a30a670254b30b164b74,620f300cbec1f56da4691882bc7dbe52593dc597fc62f6ae925c0f6ac72f1c6b,True,FORBIDDEN,0901433cbfe906073eae45118a1466e03afab04a766a3061a988ffe089ba4e01,9548a24a4faf5db17b5251df407b4402de033ae8648ec321c850fe6105002cf1,8128818d8ea8f5c3517d04da28955f010269df61e756429957a0a032386f6c51
CSI-MAE,20260901,CSI-MAE paper-spec controlled implementation,paper-spec-controlled-implementation,target,target-a,fixture-base-14,fixture-bank-14,target-a:fixture-bank-14:p0006,2,2,0,1.811389684677124,-0.16574397683143616,-0.4126359820365906,0.8118076920509338,0.3845382332801819,-1.1642038822174072,csi-pairs-v6-software-fixture,ded1ec639ff3e6fd5eba769d42db1ed36222a48af333a30a670254b30b164b74,620f300cbec1f56da4691882bc7dbe52593dc597fc62f6ae925c0f6ac72f1c6b,True,FORBIDDEN,0901433cbfe906073eae45118a1466e03afab04a766a3061a988ffe089ba4e01,9548a24a4faf5db17b5251df407b4402de033ae8648ec321c850fe6105002cf1,8128818d8ea8f5c3517d04da28955f010269df61e756429957a0a032386f6c51
CSI-MAE,20260901,CSI-MAE paper-spec controlled implementation,paper-spec-controlled-implementation,target,target-a,fixture-base-14,fixture-bank-14,target-a:fixture-bank-14:p0007,2,2,0,3.2761778831481934,-0.12900839745998383,-0.3932957649230957,0.7903381586074829,0.3887772858142853,-1.1800429821014404,csi-pairs-v6-software-fixture,ded1ec639ff3e6fd5eba769d42db1ed36222a48af333a30a670254b30b164b74,620f300cbec1f56da4691882bc7dbe52593dc597fc62f6ae925c0f6ac72f1c6b,True,FORBIDDEN,0901433cbfe906073eae45118a1466e03afab04a766a3061a988ffe089ba4e01,9548a24a4faf5db17b5251df407b4402de033ae8648ec321c850fe6105002cf1,8128818d8ea8f5c3517d04da28955f010269df61e756429957a0a032386f6c51
CSI-MAE,20260901,CSI-MAE paper-spec controlled implementation,paper-spec-controlled-implementation,target,target-a,fixture-base-16,fixture-bank-16,target-a:fixture-bank-16:p0004,0,2,0,1.2430578470230103,-0.1883726418018341,-0.4304758310317993,0.7863059639930725,0.38324064016342163,-1.1995015144348145,csi-pairs-v6-software-fixture,ded1ec639ff3e6fd5eba769d42db1ed36222a48af333a30a670254b30b164b74,620f300cbec1f56da4691882bc7dbe52593dc597fc62f6ae925c0f6ac72f1c6b,True,FORBIDDEN,0901433cbfe906073eae45118a1466e03afab04a766a3061a988ffe089ba4e01,9548a24a4faf5db17b5251df407b4402de033ae8648ec321c850fe6105002cf1,8128818d8ea8f5c3517d04da28955f010269df61e756429957a0a032386f6c51
CSI-MAE,20260901,CSI-MAE paper-spec controlled implementation,paper-spec-controlled-implementation,target,target-a,fixture-base-16,fixture-bank-16,target-a:fixture-bank-16:p0005,0,2,0,1.5934503078460693,-0.18316328525543213,-0.4365956783294678,0.8039909601211548,0.3829909563064575,-1.1779111623764038,csi-pairs-v6-software-fixture,ded1ec639ff3e6fd5eba769d42db1ed36222a48af333a30a670254b30b164b74,620f300cbec1f56da4691882bc7dbe52593dc597fc62f6ae925c0f6ac72f1c6b,True,FORBIDDEN,0901433cbfe906073eae45118a1466e03afab04a766a3061a988ffe089ba4e01,9548a24a4faf5db17b5251df407b4402de033ae8648ec321c850fe6105002cf1,8128818d8ea8f5c3517d04da28955f010269df61e756429957a0a032386f6c51
CSI-MAE,20260901,CSI-MAE paper-spec controlled implementation,paper-spec-controlled-implementation,target,target-a,fixture-base-16,fixture-bank-16,target-a:fixture-bank-16:p0006,0,2,0,1.839760661125183,-0.13976141810417175,-0.4009840488433838,0.819952666759491,0.38888290524482727,-1.1429857015609741,csi-pairs-v6-software-fixture,ded1ec639ff3e6fd5eba769d42db1ed36222a48af333a30a670254b30b164b74,620f300cbec1f56da4691882bc7dbe52593dc597fc62f6ae925c0f6ac72f1c6b,True,FORBIDDEN,0901433cbfe906073eae45118a1466e03afab04a766a3061a988ffe089ba4e01,9548a24a4faf5db17b5251df407b4402de033ae8648ec321c850fe6105002cf1,8128818d8ea8f5c3517d04da28955f010269df61e756429957a0a032386f6c51
CSI-MAE,20260901,CSI-MAE paper-spec controlled implementation,paper-spec-controlled-implementation,target,target-a,fixture-base-16,fixture-bank-16,target-a:fixture-bank-16:p0007,0,2,0,2.1396589279174805,-0.1862257868051529,-0.4391217529773712,0.7718626856803894,0.38481298089027405,-1.2139464616775513,csi-pairs-v6-software-fixture,ded1ec639ff3e6fd5eba769d42db1ed36222a48af333a30a670254b30b164b74,620f300cbec1f56da4691882bc7dbe52593dc597fc62f6ae925c0f6ac72f1c6b,True,FORBIDDEN,0901433cbfe906073eae45118a1466e03afab04a766a3061a988ffe089ba4e01,9548a24a4faf5db17b5251df407b4402de033ae8648ec321c850fe6105002cf1,8128818d8ea8f5c3517d04da28955f010269df61e756429957a0a032386f6c51
CSI-MAE,20260901,CSI-MAE paper-spec controlled implementation,paper-spec-controlled-implementation,target,target-a,fixture-base-14,fixture-bank-14,target-a:fixture-bank-14:p0004,2,4,0,1.250397801399231,-0.16394777595996857,-0.4015735685825348,0.7969495058059692,0.3855931758880615,-1.179936408996582,csi-pairs-v6-software-fixture,ded1ec639ff3e6fd5eba769d42db1ed36222a48af333a30a670254b30b164b74,620f300cbec1f56da4691882bc7dbe52593dc597fc62f6ae925c0f6ac72f1c6b,True,FORBIDDEN,0901433cbfe906073eae45118a1466e03afab04a766a3061a988ffe089ba4e01,9548a24a4faf5db17b5251df407b4402de033ae8648ec321c850fe6105002cf1,8128818d8ea8f5c3517d04da28955f010269df61e756429957a0a032386f6c51
CSI-MAE,20260901,CSI-MAE paper-spec controlled implementation,paper-spec-controlled-implementation,target,target-a,fixture-base-14,fixture-bank-14,target-a:fixture-bank-14:p0005,2,4,0,1.5864964723587036,-0.201581209897995,-0.4442943334579468,0.7879992723464966,0.3799242079257965,-1.2060415744781494,csi-pairs-v6-software-fixture,ded1ec639ff3e6fd5eba769d42db1ed36222a48af333a30a670254b30b164b74,620f300cbec1f56da4691882bc7dbe52593dc597fc62f6ae925c0f6ac72f1c6b,True,FORBIDDEN,0901433cbfe906073eae45118a1466e03afab04a766a3061a988ffe089ba4e01,9548a24a4faf5db17b5251df407b4402de033ae8648ec321c850fe6105002cf1,8128818d8ea8f5c3517d04da28955f010269df61e756429957a0a032386f6c51
CSI-MAE,20260901,CSI-MAE paper-spec controlled implementation,paper-spec-controlled-implementation,target,target-a,fixture-base-14,fixture-bank-14,target-a:fixture-bank-14:p0006,2,4,0,1.7979073524475098,-0.15281803905963898,-0.3908610939979553,0.8158321976661682,0.38579484820365906,-1.1559960842132568,csi-pairs-v6-software-fixture,ded1ec639ff3e6fd5eba769d42db1ed36222a48af333a30a670254b30b164b74,620f300cbec1f56da4691882bc7dbe52593dc597fc62f6ae925c0f6ac72f1c6b,True,FORBIDDEN,0901433cbfe906073eae45118a1466e03afab04a766a3061a988ffe089ba4e01,9548a24a4faf5db17b5251df407b4402de033ae8648ec321c850fe6105002cf1,8128818d8ea8f5c3517d04da28955f010269df61e756429957a0a032386f6c51
CSI-MAE,20260901,CSI-MAE paper-spec controlled implementation,paper-spec-controlled-implementation,target,target-a,fixture-base-14,fixture-bank-14,target-a:fixture-bank-14:p0007,2,4,0,3.265944480895996,-0.1204616129398346,-0.37878093123435974,0.7905803322792053,0.3894643187522888,-1.1779710054397583,csi-pairs-v6-software-fixture,ded1ec639ff3e6fd5eba769d42db1ed36222a48af333a30a670254b30b164b74,620f300cbec1f56da4691882bc7dbe52593dc597fc62f6ae925c0f6ac72f1c6b,True,FORBIDDEN,0901433cbfe906073eae45118a1466e03afab04a766a3061a988ffe089ba4e01,9548a24a4faf5db17b5251df407b4402de033ae8648ec321c850fe6105002cf1,8128818d8ea8f5c3517d04da28955f010269df61e756429957a0a032386f6c51
CSI-MAE,20260901,CSI-MAE paper-spec controlled implementation,paper-spec-controlled-implementation,target,target-a,fixture-base-16,fixture-bank-16,target-a:fixture-bank-16:p0004,0,4,0,1.248984456062317,-0.1751861721277237,-0.4089815616607666,0.789423406124115,0.38416701555252075,-1.193130373954773,csi-pairs-v6-software-fixture,ded1ec639ff3e6fd5eba769d42db1ed36222a48af333a30a670254b30b164b74,620f300cbec1f56da4691882bc7dbe52593dc597fc62f6ae925c0f6ac72f1c6b,True,FORBIDDEN,0901433cbfe906073eae45118a1466e03afab04a766a3061a988ffe089ba4e01,9548a24a4faf5db17b5251df407b4402de033ae8648ec321c850fe6105002cf1,8128818d8ea8f5c3517d04da28955f010269df61e756429957a0a032386f6c51
CSI-MAE,20260901,CSI-MAE paper-spec controlled implementation,paper-spec-controlled-implementation,target,target-a,fixture-base-16,fixture-bank-16,target-a:fixture-bank-16:p0005,0,4,0,1.5862385034561157,-0.17017942667007446,-0.41335415840148926,0.8087354302406311,0.3844280242919922,-1.168282151222229,csi-pairs-v6-software-fixture,ded1ec639ff3e6fd5eba769d42db1ed36222a48af333a30a670254b30b164b74,620f300cbec1f56da4691882bc7dbe52593dc597fc62f6ae925c0f6ac72f1c6b,True,FORBIDDEN,0901433cbfe906073eae45118a1466e03afab04a766a3061a988ffe089ba4e01,9548a24a4faf5db17b5251df407b4402de033ae8648ec321c850fe6105002cf1,8128818d8ea8f5c3517d04da28955f010269df61e756429957a0a032386f6c51
CSI-MAE,20260901,CSI-MAE paper-spec controlled implementation,paper-spec-controlled-implementation,target,target-a,fixture-base-16,fixture-bank-16,target-a:fixture-bank-16:p0006,0,4,0,1.8278672695159912,-0.12881888449192047,-0.38097989559173584,0.823971688747406,0.39016208052635193,-1.1348121166229248,csi-pairs-v6-software-fixture,ded1ec639ff3e6fd5eba769d42db1ed36222a48af333a30a670254b30b164b74,620f300cbec1f56da4691882bc7dbe52593dc597fc62f6ae925c0f6ac72f1c6b,True,FORBIDDEN,0901433cbfe906073eae45118a1466e03afab04a766a3061a988ffe089ba4e01,9548a24a4faf5db17b5251df407b4402de033ae8648ec321c850fe6105002cf1,8128818d8ea8f5c3517d04da28955f010269df61e756429957a0a032386f6c51
CSI-MAE,20260901,CSI-MAE paper-spec controlled implementation,paper-spec-controlled-implementation,target,target-a,fixture-base-16,fixture-bank-16,target-a:fixture-bank-16:p0007,0,4,0,2.1197102069854736,-0.17288121581077576,-0.4183669686317444,0.7747359275817871,0.3855268359184265,-1.2083775997161865,csi-pairs-v6-software-fixture,ded1ec639ff3e6fd5eba769d42db1ed36222a48af333a30a670254b30b164b74,620f300cbec1f56da4691882bc7dbe52593dc597fc62f6ae925c0f6ac72f1c6b,True,FORBIDDEN,0901433cbfe906073eae45118a1466e03afab04a766a3061a988ffe089ba4e01,9548a24a4faf5db17b5251df407b4402de033ae8648ec321c850fe6105002cf1,8128818d8ea8f5c3517d04da28955f010269df61e756429957a0a032386f6c51
CSI-MAE,20260901,CSI-MAE paper-spec controlled implementation,paper-spec-controlled-implementation,target,target-b,fixture-base-15,fixture-bank-15,target-b:fixture-bank-15:p0004,3,0,0,2.204556941986084,-0.12464506924152374,-0.36246028542518616,0.79810631275177,0.3790128231048584,-1.1956987380981445,csi-pairs-v6-software-fixture,ded1ec639ff3e6fd5eba769d42db1ed36222a48af333a30a670254b30b164b74,620f300cbec1f56da4691882bc7dbe52593dc597fc62f6ae925c0f6ac72f1c6b,True,FORBIDDEN,0901433cbfe906073eae45118a1466e03afab04a766a3061a988ffe089ba4e01,9548a24a4faf5db17b5251df407b4402de033ae8648ec321c850fe6105002cf1,8128818d8ea8f5c3517d04da28955f010269df61e756429957a0a032386f6c51
CSI-MAE,20260901,CSI-MAE paper-spec controlled implementation,paper-spec-controlled-implementation,target,target-b,fixture-base-15,fixture-bank-15,target-b:fixture-bank-15:p0005,3,0,0,2.631542682647705,-0.088133305311203,-0.3718366324901581,0.7813950181007385,0.3880488872528076,-1.19329833984375,csi-pairs-v6-software-fixture,ded1ec639ff3e6fd5eba769d42db1ed36222a48af333a30a670254b30b164b74,620f300cbec1f56da4691882bc7dbe52593dc597fc62f6ae925c0f6ac72f1c6b,True,FORBIDDEN,0901433cbfe906073eae45118a1466e03afab04a766a3061a988ffe089ba4e01,9548a24a4faf5db17b5251df407b4402de033ae8648ec321c850fe6105002cf1,8128818d8ea8f5c3517d04da28955f010269df61e756429957a0a032386f6c51
CSI-MAE,20260901,CSI-MAE paper-spec controlled implementation,paper-spec-controlled-implementation,target,target-b,fixture-base-15,fixture-bank-15,target-b:fixture-bank-15:p0006,3,0,0,2.056164503097534,-0.08702021837234497,-0.370829701423645,0.7910195589065552,0.38712194561958313,-1.183448076248169,csi-pairs-v6-software-fixture,ded1ec639ff3e6fd5eba769d42db1ed36222a48af333a30a670254b30b164b74,620f300cbec1f56da4691882bc7dbe52593dc597fc62f6ae925c0f6ac72f1c6b,True,FORBIDDEN,0901433cbfe906073eae45118a1466e03afab04a766a3061a988ffe089ba4e01,9548a24a4faf5db17b5251df407b4402de033ae8648ec321c850fe6105002cf1,8128818d8ea8f5c3517d04da28955f010269df61e756429957a0a032386f6c51
CSI-MAE,20260901,CSI-MAE paper-spec controlled implementation,paper-spec-controlled-implementation,target,target-b,fixture-base-15,fixture-bank-15,target-b:fixture-bank-15:p0007,3,0,0,2.776812791824341,-0.10543477535247803,-0.3714641034603119,0.818049967288971,0.38958463072776794,-1.1435060501098633,csi-pairs-v6-software-fixture,ded1ec639ff3e6fd5eba769d42db1ed36222a48af333a30a670254b30b164b74,620f300cbec1f56da4691882bc7dbe52593dc597fc62f6ae925c0f6ac72f1c6b,True,FORBIDDEN,0901433cbfe906073eae45118a1466e03afab04a766a3061a988ffe089ba4e01,9548a24a4faf5db17b5251df407b4402de033ae8648ec321c850fe6105002cf1,8128818d8ea8f5c3517d04da28955f010269df61e756429957a0a032386f6c51
CSI-MAE,20260901,CSI-MAE paper-spec controlled implementation,paper-spec-controlled-implementation,target,target-b,fixture-base-17,fixture-bank-17,target-b:fixture-bank-17:p0004,1,0,0,2.133094310760498,-0.14657415449619293,-0.3958703577518463,0.7600840926170349,0.3806541860103607,-1.2401901483535767,csi-pairs-v6-software-fixture,ded1ec639ff3e6fd5eba769d42db1ed36222a48af333a30a670254b30b164b74,620f300cbec1f56da4691882bc7dbe52593dc597fc62f6ae925c0f6ac72f1c6b,True,FORBIDDEN,0901433cbfe906073eae45118a1466e03afab04a766a3061a988ffe089ba4e01,9548a24a4faf5db17b5251df407b4402de033ae8648ec321c850fe6105002cf1,8128818d8ea8f5c3517d04da28955f010269df61e756429957a0a032386f6c51
CSI-MAE,20260901,CSI-MAE paper-spec controlled implementation,paper-spec-controlled-implementation,target,target-b,fixture-base-17,fixture-bank-17,target-b:fixture-bank-17:p0005,1,0,0,2.6474320888519287,-0.11733968555927277,-0.37380993366241455,0.8222588300704956,0.3875711262226105,-1.1435558795928955,csi-pairs-v6-software-fixture,ded1ec639ff3e6fd5eba769d42db1ed36222a48af333a30a670254b30b164b74,620f300cbec1f56da4691882bc7dbe52593dc597fc62f6ae925c0f6ac72f1c6b,True,FORBIDDEN,0901433cbfe906073eae45118a1466e03afab04a766a3061a988ffe089ba4e01,9548a24a4faf5db17b5251df407b4402de033ae8648ec321c850fe6105002cf1,8128818d8ea8f5c3517d04da28955f010269df61e756429957a0a032386f6c51
CSI-MAE,20260901,CSI-MAE paper-spec controlled implementation,paper-spec-controlled-implementation,target,target-b,fixture-base-17,fixture-bank-17,target-b:fixture-bank-17:p0006,1,0,0,1.8474892377853394,-0.12043102085590363,-0.387920081615448,0.7813898324966431,0.38525354862213135,-1.200534701347351,csi-pairs-v6-software-fixture,ded1ec639ff3e6fd5eba769d42db1ed36222a48af333a30a670254b30b164b74,620f300cbec1f56da4691882bc7dbe52593dc597fc62f6ae925c0f6ac72f1c6b,True,FORBIDDEN,0901433cbfe906073eae45118a1466e03afab04a766a3061a988ffe089ba4e01,9548a24a4faf5db17b5251df407b4402de033ae8648ec321c850fe6105002cf1,8128818d8ea8f5c3517d04da28955f010269df61e756429957a0a032386f6c51
CSI-MAE,20260901,CSI-MAE paper-spec controlled implementation,paper-spec-controlled-implementation,target,target-b,fixture-base-17,fixture-bank-17,target-b:fixture-bank-17:p0007,1,0,0,3.3161540031433105,-0.1433330476284027,-0.39292067289352417,0.8187247514724731,0.38342007994651794,-1.158631443977356,csi-pairs-v6-software-fixture,ded1ec639ff3e6fd5eba769d42db1ed36222a48af333a30a670254b30b164b74,620f300cbec1f56da4691882bc7dbe52593dc597fc62f6ae925c0f6ac72f1c6b,True,FORBIDDEN,0901433cbfe906073eae45118a1466e03afab04a766a3061a988ffe089ba4e01,9548a24a4faf5db17b5251df407b4402de033ae8648ec321c850fe6105002cf1,8128818d8ea8f5c3517d04da28955f010269df61e756429957a0a032386f6c51
CSI-MAE,20260901,CSI-MAE paper-spec controlled implementation,paper-spec-controlled-implementation,target,target-b,fixture-base-15,fixture-bank-15,target-b:fixture-bank-15:p0004,3,2,0,2.204833745956421,-0.12429474294185638,-0.357221782207489,0.8021122217178345,0.3809240758419037,-1.1856619119644165,csi-pairs-v6-software-fixture,ded1ec639ff3e6fd5eba769d42db1ed36222a48af333a30a670254b30b164b74,620f300cbec1f56da4691882bc7dbe52593dc597fc62f6ae925c0f6ac72f1c6b,True,FORBIDDEN,0901433cbfe906073eae45118a1466e03afab04a766a3061a988ffe089ba4e01,9548a24a4faf5db17b5251df407b4402de033ae8648ec321c850fe6105002cf1,8128818d8ea8f5c3517d04da28955f010269df61e756429957a0a032386f6c51
CSI-MAE,20260901,CSI-MAE paper-spec controlled implementation,paper-spec-controlled-implementation,target,target-b,fixture-base-15,fixture-bank-15,target-b:fixture-bank-15:p0005,3,2,0,2.6363115310668945,-0.09133851528167725,-0.3683054745197296,0.7860687971115112,0.3906709849834442,-1.1806005239486694,csi-pairs-v6-software-fixture,ded1ec639ff3e6fd5eba769d42db1ed36222a48af333a30a670254b30b164b74,620f300cbec1f56da4691882bc7dbe52593dc597fc62f6ae925c0f6ac72f1c6b,True,FORBIDDEN,0901433cbfe906073eae45118a1466e03afab04a766a3061a988ffe089ba4e01,9548a24a4faf5db17b5251df407b4402de033ae8648ec321c850fe6105002cf1,8128818d8ea8f5c3517d04da28955f010269df61e756429957a0a032386f6c51
CSI-MAE,20260901,CSI-MAE paper-spec controlled implementation,paper-spec-controlled-implementation,target,target-b,fixture-base-15,fixture-bank-15,target-b:fixture-bank-15:p0006,3,2,0,2.0522682666778564,-0.08935849368572235,-0.36718273162841797,0.7952237725257874,0.3897804021835327,-1.1713035106658936,csi-pairs-v6-software-fixture,ded1ec639ff3e6fd5eba769d42db1ed36222a48af333a30a670254b30b164b74,620f300cbec1f56da4691882bc7dbe52593dc597fc62f6ae925c0f6ac72f1c6b,True,FORBIDDEN,0901433cbfe906073eae45118a1466e03afab04a766a3061a988ffe089ba4e01,9548a24a4faf5db17b5251df407b4402de033ae8648ec321c850fe6105002cf1,8128818d8ea8f5c3517d04da28955f010269df61e756429957a0a032386f6c51
CSI-MAE,20260901,CSI-MAE paper-spec controlled implementation,paper-spec-controlled-implementation,target,target-b,fixture-base-15,fixture-bank-15,target-b:fixture-bank-15:p0007,3,2,0,2.784700632095337,-0.11333222687244415,-0.37087830901145935,0.82318514585495,0.3923618793487549,-1.1301448345184326,csi-pairs-v6-software-fixture,ded1ec639ff3e6fd5eba769d42db1ed36222a48af333a30a670254b30b164b74,620f300cbec1f56da4691882bc7dbe52593dc597fc62f6ae925c0f6ac72f1c6b,True,FORBIDDEN,0901433cbfe906073eae45118a1466e03afab04a766a3061a988ffe089ba4e01,9548a24a4faf5db17b5251df407b4402de033ae8648ec321c850fe6105002cf1,8128818d8ea8f5c3517d04da28955f010269df61e756429957a0a032386f6c51
CSI-MAE,20260901,CSI-MAE paper-spec controlled implementation,paper-spec-controlled-implementation,target,target-b,fixture-base-17,fixture-bank-17,target-b:fixture-bank-17:p0004,1,2,0,2.1326370239257812,-0.14675945043563843,-0.3909086287021637,0.7647874355316162,0.38256996870040894,-1.2290010452270508,csi-pairs-v6-software-fixture,ded1ec639ff3e6fd5eba769d42db1ed36222a48af333a30a670254b30b164b74,620f300cbec1f56da4691882bc7dbe52593dc597fc62f6ae925c0f6ac72f1c6b,True,FORBIDDEN,0901433cbfe906073eae45118a1466e03afab04a766a3061a988ffe089ba4e01,9548a24a4faf5db17b5251df407b4402de033ae8648ec321c850fe6105002cf1,8128818d8ea8f5c3517d04da28955f010269df61e756429957a0a032386f6c51
CSI-MAE,20260901,CSI-MAE paper-spec controlled implementation,paper-spec-controlled-implementation,target,target-b,fixture-base-17,fixture-bank-17,target-b:fixture-bank-17:p0005,1,2,0,2.652944803237915,-0.12549622356891632,-0.37404152750968933,0.8273419141769409,0.39031460881233215,-1.1303393840789795,csi-pairs-v6-software-fixture,ded1ec639ff3e6fd5eba769d42db1ed36222a48af333a30a670254b30b164b74,620f300cbec1f56da4691882bc7dbe52593dc597fc62f6ae925c0f6ac72f1c6b,True,FORBIDDEN,0901433cbfe906073eae45118a1466e03afab04a766a3061a988ffe089ba4e01,9548a24a4faf5db17b5251df407b4402de033ae8648ec321c850fe6105002cf1,8128818d8ea8f5c3517d04da28955f010269df61e756429957a0a032386f6c51
CSI-MAE,20260901,CSI-MAE paper-spec controlled implementation,paper-spec-controlled-implementation,target,target-b,fixture-base-17,fixture-bank-17,target-b:fixture-bank-17:p0006,1,2,0,1.8501873016357422,-0.12333926558494568,-0.38446947932243347,0.7861379981040955,0.387783408164978,-1.1879312992095947,csi-pairs-v6-software-fixture,ded1ec639ff3e6fd5eba769d42db1ed36222a48af333a30a670254b30b164b74,620f300cbec1f56da4691882bc7dbe52593dc597fc62f6ae925c0f6ac72f1c6b,True,FORBIDDEN,0901433cbfe906073eae45118a1466e03afab04a766a3061a988ffe089ba4e01,9548a24a4faf5db17b5251df407b4402de033ae8648ec321c850fe6105002cf1,8128818d8ea8f5c3517d04da28955f010269df61e756429957a0a032386f6c51
CSI-MAE,20260901,CSI-MAE paper-spec controlled implementation,paper-spec-controlled-implementation,target,target-b,fixture-base-17,fixture-bank-17,target-b:fixture-bank-17:p0007,1,2,0,3.3162362575531006,-0.1542540341615677,-0.3969566226005554,0.8231732845306396,0.38601744174957275,-1.1464612483978271,csi-pairs-v6-software-fixture,ded1ec639ff3e6fd5eba769d42db1ed36222a48af333a30a670254b30b164b74,620f300cbec1f56da4691882bc7dbe52593dc597fc62f6ae925c0f6ac72f1c6b,True,FORBIDDEN,0901433cbfe906073eae45118a1466e03afab04a766a3061a988ffe089ba4e01,9548a24a4faf5db17b5251df407b4402de033ae8648ec321c850fe6105002cf1,8128818d8ea8f5c3517d04da28955f010269df61e756429957a0a032386f6c51
CSI-MAE,20260901,CSI-MAE paper-spec controlled implementation,paper-spec-controlled-implementation,target,target-b,fixture-base-15,fixture-bank-15,target-b:fixture-bank-15:p0004,3,4,0,2.200753927230835,-0.128501757979393,-0.3657853305339813,0.80152428150177,0.3810727894306183,-1.186004877090454,csi-pairs-v6-software-fixture,ded1ec639ff3e6fd5eba769d42db1ed36222a48af333a30a670254b30b164b74,620f300cbec1f56da4691882bc7dbe52593dc597fc62f6ae925c0f6ac72f1c6b,True,FORBIDDEN,0901433cbfe906073eae45118a1466e03afab04a766a3061a988ffe089ba4e01,9548a24a4faf5db17b5251df407b4402de033ae8648ec321c850fe6105002cf1,8128818d8ea8f5c3517d04da28955f010269df61e756429957a0a032386f6c51
CSI-MAE,20260901,CSI-MAE paper-spec controlled implementation,paper-spec-controlled-implementation,target,target-b,fixture-base-15,fixture-bank-15,target-b:fixture-bank-15:p0005,3,4,0,2.6330201625823975,-0.09132757782936096,-0.37272346019744873,0.7872328758239746,0.39068812131881714,-1.179076910018921,csi-pairs-v6-software-fixture,ded1ec639ff3e6fd5eba769d42db1ed36222a48af333a30a670254b30b164b74,620f300cbec1f56da4691882bc7dbe52593dc597fc62f6ae925c0f6ac72f1c6b,True,FORBIDDEN,0901433cbfe906073eae45118a1466e03afab04a766a3061a988ffe089ba4e01,9548a24a4faf5db17b5251df407b4402de033ae8648ec321c850fe6105002cf1,8128818d8ea8f5c3517d04da28955f010269df61e756429957a0a032386f6c51
CSI-MAE,20260901,CSI-MAE paper-spec controlled implementation,paper-spec-controlled-implementation,target,target-b,fixture-base-15,fixture-bank-15,target-b:fixture-bank-15:p0006,3,4,0,2.0576937198638916,-0.09131458401679993,-0.37287378311157227,0.7956680655479431,0.3898317813873291,-1.170613169670105,csi-pairs-v6-software-fixture,ded1ec639ff3e6fd5eba769d42db1ed36222a48af333a30a670254b30b164b74,620f300cbec1f56da4691882bc7dbe52593dc597fc62f6ae925c0f6ac72f1c6b,True,FORBIDDEN,0901433cbfe906073eae45118a1466e03afab04a766a3061a988ffe089ba4e01,9548a24a4faf5db17b5251df407b4402de033ae8648ec321c850fe6105002cf1,8128818d8ea8f5c3517d04da28955f010269df61e756429957a0a032386f6c51
CSI-MAE,20260901,CSI-MAE paper-spec controlled implementation,paper-spec-controlled-implementation,target,target-b,fixture-base-15,fixture-bank-15,target-b:fixture-bank-15:p0007,3,4,0,2.78048038482666,-0.10908076912164688,-0.37285876274108887,0.8255860805511475,0.3924570679664612,-1.1269898414611816,csi-pairs-v6-software-fixture,ded1ec639ff3e6fd5eba769d42db1ed36222a48af333a30a670254b30b164b74,620f300cbec1f56da4691882bc7dbe52593dc597fc62f6ae925c0f6ac72f1c6b,True,FORBIDDEN,0901433cbfe906073eae45118a1466e03afab04a766a3061a988ffe089ba4e01,9548a24a4faf5db17b5251df407b4402de033ae8648ec321c850fe6105002cf1,8128818d8ea8f5c3517d04da28955f010269df61e756429957a0a032386f6c51
CSI-MAE,20260901,CSI-MAE paper-spec controlled implementation,paper-spec-controlled-implementation,target,target-b,fixture-base-17,fixture-bank-17,target-b:fixture-bank-17:p0004,1,4,0,2.129901647567749,-0.1499205082654953,-0.3984793424606323,0.7639392614364624,0.38275226950645447,-1.2296342849731445,csi-pairs-v6-software-fixture,ded1ec639ff3e6fd5eba769d42db1ed36222a48af333a30a670254b30b164b74,620f300cbec1f56da4691882bc7dbe52593dc597fc62f6ae925c0f6ac72f1c6b,True,FORBIDDEN,0901433cbfe906073eae45118a1466e03afab04a766a3061a988ffe089ba4e01,9548a24a4faf5db17b5251df407b4402de033ae8648ec321c850fe6105002cf1,8128818d8ea8f5c3517d04da28955f010269df61e756429957a0a032386f6c51
CSI-MAE,20260901,CSI-MAE paper-spec controlled implementation,paper-spec-controlled-implementation,target,target-b,fixture-base-17,fixture-bank-17,target-b:fixture-bank-17:p0005,1,4,0,2.648578643798828,-0.12057217210531235,-0.3753454089164734,0.8300779461860657,0.3903965950012207,-1.1268278360366821,csi-pairs-v6-software-fixture,ded1ec639ff3e6fd5eba769d42db1ed36222a48af333a30a670254b30b164b74,620f300cbec1f56da4691882bc7dbe52593dc597fc62f6ae925c0f6ac72f1c6b,True,FORBIDDEN,0901433cbfe906073eae45118a1466e03afab04a766a3061a988ffe089ba4e01,9548a24a4faf5db17b5251df407b4402de033ae8648ec321c850fe6105002cf1,8128818d8ea8f5c3517d04da28955f010269df61e756429957a0a032386f6c51
CSI-MAE,20260901,CSI-MAE paper-spec controlled implementation,paper-spec-controlled-implementation,target,target-b,fixture-base-17,fixture-bank-17,target-b:fixture-bank-17:p0006,1,4,0,1.851153016090393,-0.12400314956903458,-0.3895362317562103,0.7867773175239563,0.38782957196235657,-1.1869993209838867,csi-pairs-v6-software-fixture,ded1ec639ff3e6fd5eba769d42db1ed36222a48af333a30a670254b30b164b74,620f300cbec1f56da4691882bc7dbe52593dc597fc62f6ae925c0f6ac72f1c6b,True,FORBIDDEN,0901433cbfe906073eae45118a1466e03afab04a766a3061a988ffe089ba4e01,9548a24a4faf5db17b5251df407b4402de033ae8648ec321c850fe6105002cf1,8128818d8ea8f5c3517d04da28955f010269df61e756429957a0a032386f6c51
CSI-MAE,20260901,CSI-MAE paper-spec controlled implementation,paper-spec-controlled-implementation,target,target-b,fixture-base-17,fixture-bank-17,target-b:fixture-bank-17:p0007,1,4,0,3.3174822330474854,-0.14660516381263733,-0.39552101492881775,0.8272861838340759,0.38616564869880676,-1.1410934925079346,csi-pairs-v6-software-fixture,ded1ec639ff3e6fd5eba769d42db1ed36222a48af333a30a670254b30b164b74,620f300cbec1f56da4691882bc7dbe52593dc597fc62f6ae925c0f6ac72f1c6b,True,FORBIDDEN,0901433cbfe906073eae45118a1466e03afab04a766a3061a988ffe089ba4e01,9548a24a4faf5db17b5251df407b4402de033ae8648ec321c850fe6105002cf1,8128818d8ea8f5c3517d04da28955f010269df61e756429957a0a032386f6c51
