model,city_id,bank_id,condition,n,median_error_m,p90_error_m,median_paired_change_vs_correct_m,artifact_label,dataset_sha256,config_sha256,fixture,scientific_use,source_tree_sha256,requirements_lock_sha256,runtime_provenance_sha256
controlled-relative-map-ridge-diagnostic,source-a,fixture-bank-02,correct,16,4.007012982643895,6.325632207395131,0.0,csi-pairs-v6-software-fixture,ded1ec639ff3e6fd5eba769d42db1ed36222a48af333a30a670254b30b164b74,620f300cbec1f56da4691882bc7dbe52593dc597fc62f6ae925c0f6ac72f1c6b,True,FORBIDDEN,0901433cbfe906073eae45118a1466e03afab04a766a3061a988ffe089ba4e01,9548a24a4faf5db17b5251df407b4402de033ae8648ec321c850fe6105002cf1,8128818d8ea8f5c3517d04da28955f010269df61e756429957a0a032386f6c51
controlled-relative-map-ridge-diagnostic,source-a,fixture-bank-02,empty,16,4.558528966291091,7.438950415400154,1.1586043422245256,csi-pairs-v6-software-fixture,ded1ec639ff3e6fd5eba769d42db1ed36222a48af333a30a670254b30b164b74,620f300cbec1f56da4691882bc7dbe52593dc597fc62f6ae925c0f6ac72f1c6b,True,FORBIDDEN,0901433cbfe906073eae45118a1466e03afab04a766a3061a988ffe089ba4e01,9548a24a4faf5db17b5251df407b4402de033ae8648ec321c850fe6105002cf1,8128818d8ea8f5c3517d04da28955f010269df61e756429957a0a032386f6c51
controlled-relative-map-ridge-diagnostic,source-a,fixture-bank-02,geometry_destroyed,16,4.234278956747001,6.8849465991911405,0.18476724974466235,csi-pairs-v6-software-fixture,ded1ec639ff3e6fd5eba769d42db1ed36222a48af333a30a670254b30b164b74,620f300cbec1f56da4691882bc7dbe52593dc597fc62f6ae925c0f6ac72f1c6b,True,FORBIDDEN,0901433cbfe906073eae45118a1466e03afab04a766a3061a988ffe089ba4e01,9548a24a4faf5db17b5251df407b4402de033ae8648ec321c850fe6105002cf1,8128818d8ea8f5c3517d04da28955f010269df61e756429957a0a032386f6c51
controlled-relative-map-ridge-diagnostic,source-a,fixture-bank-02,paired_active_alternative,16,4.188515000756872,6.26807002811613,0.03590762782742776,csi-pairs-v6-software-fixture,ded1ec639ff3e6fd5eba769d42db1ed36222a48af333a30a670254b30b164b74,620f300cbec1f56da4691882bc7dbe52593dc597fc62f6ae925c0f6ac72f1c6b,True,FORBIDDEN,0901433cbfe906073eae45118a1466e03afab04a766a3061a988ffe089ba4e01,9548a24a4faf5db17b5251df407b4402de033ae8648ec321c850fe6105002cf1,8128818d8ea8f5c3517d04da28955f010269df61e756429957a0a032386f6c51
controlled-relative-map-ridge-diagnostic,source-a,fixture-bank-02,paired_null_alternative,16,4.006726082099819,6.325741478943822,-4.656652623502566e-07,csi-pairs-v6-software-fixture,ded1ec639ff3e6fd5eba769d42db1ed36222a48af333a30a670254b30b164b74,620f300cbec1f56da4691882bc7dbe52593dc597fc62f6ae925c0f6ac72f1c6b,True,FORBIDDEN,0901433cbfe906073eae45118a1466e03afab04a766a3061a988ffe089ba4e01,9548a24a4faf5db17b5251df407b4402de033ae8648ec321c850fe6105002cf1,8128818d8ea8f5c3517d04da28955f010269df61e756429957a0a032386f6c51
controlled-relative-map-ridge-diagnostic,source-a,fixture-bank-02,wrong_city,16,4.071469055435428,6.223793159413464,0.004996175334023856,csi-pairs-v6-software-fixture,ded1ec639ff3e6fd5eba769d42db1ed36222a48af333a30a670254b30b164b74,620f300cbec1f56da4691882bc7dbe52593dc597fc62f6ae925c0f6ac72f1c6b,True,FORBIDDEN,0901433cbfe906073eae45118a1466e03afab04a766a3061a988ffe089ba4e01,9548a24a4faf5db17b5251df407b4402de033ae8648ec321c850fe6105002cf1,8128818d8ea8f5c3517d04da28955f010269df61e756429957a0a032386f6c51
controlled-relative-map-ridge-diagnostic,source-b,fixture-bank-03,correct,20,3.8171127867803247,6.945649138854042,0.0,csi-pairs-v6-software-fixture,ded1ec639ff3e6fd5eba769d42db1ed36222a48af333a30a670254b30b164b74,620f300cbec1f56da4691882bc7dbe52593dc597fc62f6ae925c0f6ac72f1c6b,True,FORBIDDEN,0901433cbfe906073eae45118a1466e03afab04a766a3061a988ffe089ba4e01,9548a24a4faf5db17b5251df407b4402de033ae8648ec321c850fe6105002cf1,8128818d8ea8f5c3517d04da28955f010269df61e756429957a0a032386f6c51
controlled-relative-map-ridge-diagnostic,source-b,fixture-bank-03,empty,20,3.456517368797124,6.886155607757971,0.00017940684223505254,csi-pairs-v6-software-fixture,ded1ec639ff3e6fd5eba769d42db1ed36222a48af333a30a670254b30b164b74,620f300cbec1f56da4691882bc7dbe52593dc597fc62f6ae925c0f6ac72f1c6b,True,FORBIDDEN,0901433cbfe906073eae45118a1466e03afab04a766a3061a988ffe089ba4e01,9548a24a4faf5db17b5251df407b4402de033ae8648ec321c850fe6105002cf1,8128818d8ea8f5c3517d04da28955f010269df61e756429957a0a032386f6c51
controlled-relative-map-ridge-diagnostic,source-b,fixture-bank-03,geometry_destroyed,20,3.960952992138111,7.195892548089001,0.24822497015822265,csi-pairs-v6-software-fixture,ded1ec639ff3e6fd5eba769d42db1ed36222a48af333a30a670254b30b164b74,620f300cbec1f56da4691882bc7dbe52593dc597fc62f6ae925c0f6ac72f1c6b,True,FORBIDDEN,0901433cbfe906073eae45118a1466e03afab04a766a3061a988ffe089ba4e01,9548a24a4faf5db17b5251df407b4402de033ae8648ec321c850fe6105002cf1,8128818d8ea8f5c3517d04da28955f010269df61e756429957a0a032386f6c51
controlled-relative-map-ridge-diagnostic,source-b,fixture-bank-03,paired_active_alternative,20,3.2464530544130366,7.225177665850322,-0.007662812010464037,csi-pairs-v6-software-fixture,ded1ec639ff3e6fd5eba769d42db1ed36222a48af333a30a670254b30b164b74,620f300cbec1f56da4691882bc7dbe52593dc597fc62f6ae925c0f6ac72f1c6b,True,FORBIDDEN,0901433cbfe906073eae45118a1466e03afab04a766a3061a988ffe089ba4e01,9548a24a4faf5db17b5251df407b4402de033ae8648ec321c850fe6105002cf1,8128818d8ea8f5c3517d04da28955f010269df61e756429957a0a032386f6c51
controlled-relative-map-ridge-diagnostic,source-b,fixture-bank-03,paired_null_alternative,20,3.8169504107377046,6.945761414809784,-9.111020007779302e-06,csi-pairs-v6-software-fixture,ded1ec639ff3e6fd5eba769d42db1ed36222a48af333a30a670254b30b164b74,620f300cbec1f56da4691882bc7dbe52593dc597fc62f6ae925c0f6ac72f1c6b,True,FORBIDDEN,0901433cbfe906073eae45118a1466e03afab04a766a3061a988ffe089ba4e01,9548a24a4faf5db17b5251df407b4402de033ae8648ec321c850fe6105002cf1,8128818d8ea8f5c3517d04da28955f010269df61e756429957a0a032386f6c51
controlled-relative-map-ridge-diagnostic,source-b,fixture-bank-03,wrong_city,20,3.5724003385073635,6.966966221347101,0.0,csi-pairs-v6-software-fixture,ded1ec639ff3e6fd5eba769d42db1ed36222a48af333a30a670254b30b164b74,620f300cbec1f56da4691882bc7dbe52593dc597fc62f6ae925c0f6ac72f1c6b,True,FORBIDDEN,0901433cbfe906073eae45118a1466e03afab04a766a3061a988ffe089ba4e01,9548a24a4faf5db17b5251df407b4402de033ae8648ec321c850fe6105002cf1,8128818d8ea8f5c3517d04da28955f010269df61e756429957a0a032386f6c51
controlled-relative-map-ridge-diagnostic,target-a,fixture-bank-14,correct,8,3.7742916446019725,4.147693721776831,0.0,csi-pairs-v6-software-fixture,ded1ec639ff3e6fd5eba769d42db1ed36222a48af333a30a670254b30b164b74,620f300cbec1f56da4691882bc7dbe52593dc597fc62f6ae925c0f6ac72f1c6b,True,FORBIDDEN,0901433cbfe906073eae45118a1466e03afab04a766a3061a988ffe089ba4e01,9548a24a4faf5db17b5251df407b4402de033ae8648ec321c850fe6105002cf1,8128818d8ea8f5c3517d04da28955f010269df61e756429957a0a032386f6c51
controlled-relative-map-ridge-diagnostic,target-a,fixture-bank-14,empty,8,3.1280916312693843,3.864560055955615,-0.3325924040947097,csi-pairs-v6-software-fixture,ded1ec639ff3e6fd5eba769d42db1ed36222a48af333a30a670254b30b164b74,620f300cbec1f56da4691882bc7dbe52593dc597fc62f6ae925c0f6ac72f1c6b,True,FORBIDDEN,0901433cbfe906073eae45118a1466e03afab04a766a3061a988ffe089ba4e01,9548a24a4faf5db17b5251df407b4402de033ae8648ec321c850fe6105002cf1,8128818d8ea8f5c3517d04da28955f010269df61e756429957a0a032386f6c51
controlled-relative-map-ridge-diagnostic,target-a,fixture-bank-14,geometry_destroyed,8,3.536826556793155,3.9007007744642,-0.11620910631475123,csi-pairs-v6-software-fixture,ded1ec639ff3e6fd5eba769d42db1ed36222a48af333a30a670254b30b164b74,620f300cbec1f56da4691882bc7dbe52593dc597fc62f6ae925c0f6ac72f1c6b,True,FORBIDDEN,0901433cbfe906073eae45118a1466e03afab04a766a3061a988ffe089ba4e01,9548a24a4faf5db17b5251df407b4402de033ae8648ec321c850fe6105002cf1,8128818d8ea8f5c3517d04da28955f010269df61e756429957a0a032386f6c51
controlled-relative-map-ridge-diagnostic,target-a,fixture-bank-14,paired_active_alternative,8,3.828973299512544,4.053138326959641,0.025725815148976316,csi-pairs-v6-software-fixture,ded1ec639ff3e6fd5eba769d42db1ed36222a48af333a30a670254b30b164b74,620f300cbec1f56da4691882bc7dbe52593dc597fc62f6ae925c0f6ac72f1c6b,True,FORBIDDEN,0901433cbfe906073eae45118a1466e03afab04a766a3061a988ffe089ba4e01,9548a24a4faf5db17b5251df407b4402de033ae8648ec321c850fe6105002cf1,8128818d8ea8f5c3517d04da28955f010269df61e756429957a0a032386f6c51
controlled-relative-map-ridge-diagnostic,target-a,fixture-bank-14,paired_null_alternative,8,3.7742862698217348,4.147659705223989,-5.374780237543675e-06,csi-pairs-v6-software-fixture,ded1ec639ff3e6fd5eba769d42db1ed36222a48af333a30a670254b30b164b74,620f300cbec1f56da4691882bc7dbe52593dc597fc62f6ae925c0f6ac72f1c6b,True,FORBIDDEN,0901433cbfe906073eae45118a1466e03afab04a766a3061a988ffe089ba4e01,9548a24a4faf5db17b5251df407b4402de033ae8648ec321c850fe6105002cf1,8128818d8ea8f5c3517d04da28955f010269df61e756429957a0a032386f6c51
controlled-relative-map-ridge-diagnostic,target-a,fixture-bank-14,wrong_city,8,3.0961770164799285,3.977158831824231,-0.3228033138963933,csi-pairs-v6-software-fixture,ded1ec639ff3e6fd5eba769d42db1ed36222a48af333a30a670254b30b164b74,620f300cbec1f56da4691882bc7dbe52593dc597fc62f6ae925c0f6ac72f1c6b,True,FORBIDDEN,0901433cbfe906073eae45118a1466e03afab04a766a3061a988ffe089ba4e01,9548a24a4faf5db17b5251df407b4402de033ae8648ec321c850fe6105002cf1,8128818d8ea8f5c3517d04da28955f010269df61e756429957a0a032386f6c51
controlled-relative-map-ridge-diagnostic,target-a,fixture-bank-16,correct,8,2.1402035806685276,3.190296441806069,0.0,csi-pairs-v6-software-fixture,ded1ec639ff3e6fd5eba769d42db1ed36222a48af333a30a670254b30b164b74,620f300cbec1f56da4691882bc7dbe52593dc597fc62f6ae925c0f6ac72f1c6b,True,FORBIDDEN,0901433cbfe906073eae45118a1466e03afab04a766a3061a988ffe089ba4e01,9548a24a4faf5db17b5251df407b4402de033ae8648ec321c850fe6105002cf1,8128818d8ea8f5c3517d04da28955f010269df61e756429957a0a032386f6c51
controlled-relative-map-ridge-diagnostic,target-a,fixture-bank-16,empty,8,2.1842118029946853,2.766507630705441,0.004164772353710933,csi-pairs-v6-software-fixture,ded1ec639ff3e6fd5eba769d42db1ed36222a48af333a30a670254b30b164b74,620f300cbec1f56da4691882bc7dbe52593dc597fc62f6ae925c0f6ac72f1c6b,True,FORBIDDEN,0901433cbfe906073eae45118a1466e03afab04a766a3061a988ffe089ba4e01,9548a24a4faf5db17b5251df407b4402de033ae8648ec321c850fe6105002cf1,8128818d8ea8f5c3517d04da28955f010269df61e756429957a0a032386f6c51
controlled-relative-map-ridge-diagnostic,target-a,fixture-bank-16,geometry_destroyed,8,1.8922613398872552,2.6509794786368888,-0.5541105826234175,csi-pairs-v6-software-fixture,ded1ec639ff3e6fd5eba769d42db1ed36222a48af333a30a670254b30b164b74,620f300cbec1f56da4691882bc7dbe52593dc597fc62f6ae925c0f6ac72f1c6b,True,FORBIDDEN,0901433cbfe906073eae45118a1466e03afab04a766a3061a988ffe089ba4e01,9548a24a4faf5db17b5251df407b4402de033ae8648ec321c850fe6105002cf1,8128818d8ea8f5c3517d04da28955f010269df61e756429957a0a032386f6c51
controlled-relative-map-ridge-diagnostic,target-a,fixture-bank-16,paired_active_alternative,8,2.0111174544506434,3.3364518316509773,-0.06901529000855511,csi-pairs-v6-software-fixture,ded1ec639ff3e6fd5eba769d42db1ed36222a48af333a30a670254b30b164b74,620f300cbec1f56da4691882bc7dbe52593dc597fc62f6ae925c0f6ac72f1c6b,True,FORBIDDEN,0901433cbfe906073eae45118a1466e03afab04a766a3061a988ffe089ba4e01,9548a24a4faf5db17b5251df407b4402de033ae8648ec321c850fe6105002cf1,8128818d8ea8f5c3517d04da28955f010269df61e756429957a0a032386f6c51
controlled-relative-map-ridge-diagnostic,target-a,fixture-bank-16,paired_null_alternative,8,2.1401073058313727,3.1902918419310495,-5.514618761304213e-06,csi-pairs-v6-software-fixture,ded1ec639ff3e6fd5eba769d42db1ed36222a48af333a30a670254b30b164b74,620f300cbec1f56da4691882bc7dbe52593dc597fc62f6ae925c0f6ac72f1c6b,True,FORBIDDEN,0901433cbfe906073eae45118a1466e03afab04a766a3061a988ffe089ba4e01,9548a24a4faf5db17b5251df407b4402de033ae8648ec321c850fe6105002cf1,8128818d8ea8f5c3517d04da28955f010269df61e756429957a0a032386f6c51
controlled-relative-map-ridge-diagnostic,target-a,fixture-bank-16,wrong_city,8,2.0634439378854794,3.4558731862989567,0.0,csi-pairs-v6-software-fixture,ded1ec639ff3e6fd5eba769d42db1ed36222a48af333a30a670254b30b164b74,620f300cbec1f56da4691882bc7dbe52593dc597fc62f6ae925c0f6ac72f1c6b,True,FORBIDDEN,0901433cbfe906073eae45118a1466e03afab04a766a3061a988ffe089ba4e01,9548a24a4faf5db17b5251df407b4402de033ae8648ec321c850fe6105002cf1,8128818d8ea8f5c3517d04da28955f010269df61e756429957a0a032386f6c51
controlled-relative-map-ridge-diagnostic,target-b,fixture-bank-15,correct,16,5.771419389074024,7.412790037684372,0.0,csi-pairs-v6-software-fixture,ded1ec639ff3e6fd5eba769d42db1ed36222a48af333a30a670254b30b164b74,620f300cbec1f56da4691882bc7dbe52593dc597fc62f6ae925c0f6ac72f1c6b,True,FORBIDDEN,0901433cbfe906073eae45118a1466e03afab04a766a3061a988ffe089ba4e01,9548a24a4faf5db17b5251df407b4402de033ae8648ec321c850fe6105002cf1,8128818d8ea8f5c3517d04da28955f010269df61e756429957a0a032386f6c51
controlled-relative-map-ridge-diagnostic,target-b,fixture-bank-15,empty,16,5.449663203842997,7.373238609837253,-0.06698382036024553,csi-pairs-v6-software-fixture,ded1ec639ff3e6fd5eba769d42db1ed36222a48af333a30a670254b30b164b74,620f300cbec1f56da4691882bc7dbe52593dc597fc62f6ae925c0f6ac72f1c6b,True,FORBIDDEN,0901433cbfe906073eae45118a1466e03afab04a766a3061a988ffe089ba4e01,9548a24a4faf5db17b5251df407b4402de033ae8648ec321c850fe6105002cf1,8128818d8ea8f5c3517d04da28955f010269df61e756429957a0a032386f6c51
controlled-relative-map-ridge-diagnostic,target-b,fixture-bank-15,geometry_destroyed,16,4.3771514206159985,8.343960831866948,0.1380062151686946,csi-pairs-v6-software-fixture,ded1ec639ff3e6fd5eba769d42db1ed36222a48af333a30a670254b30b164b74,620f300cbec1f56da4691882bc7dbe52593dc597fc62f6ae925c0f6ac72f1c6b,True,FORBIDDEN,0901433cbfe906073eae45118a1466e03afab04a766a3061a988ffe089ba4e01,9548a24a4faf5db17b5251df407b4402de033ae8648ec321c850fe6105002cf1,8128818d8ea8f5c3517d04da28955f010269df61e756429957a0a032386f6c51
controlled-relative-map-ridge-diagnostic,target-b,fixture-bank-15,paired_active_alternative,16,5.809338877100307,7.363950612708327,0.03820535314577811,csi-pairs-v6-software-fixture,ded1ec639ff3e6fd5eba769d42db1ed36222a48af333a30a670254b30b164b74,620f300cbec1f56da4691882bc7dbe52593dc597fc62f6ae925c0f6ac72f1c6b,True,FORBIDDEN,0901433cbfe906073eae45118a1466e03afab04a766a3061a988ffe089ba4e01,9548a24a4faf5db17b5251df407b4402de033ae8648ec321c850fe6105002cf1,8128818d8ea8f5c3517d04da28955f010269df61e756429957a0a032386f6c51
controlled-relative-map-ridge-diagnostic,target-b,fixture-bank-15,paired_null_alternative,16,5.771232973024787,7.412783296074698,8.087193594674691e-05,csi-pairs-v6-software-fixture,ded1ec639ff3e6fd5eba769d42db1ed36222a48af333a30a670254b30b164b74,620f300cbec1f56da4691882bc7dbe52593dc597fc62f6ae925c0f6ac72f1c6b,True,FORBIDDEN,0901433cbfe906073eae45118a1466e03afab04a766a3061a988ffe089ba4e01,9548a24a4faf5db17b5251df407b4402de033ae8648ec321c850fe6105002cf1,8128818d8ea8f5c3517d04da28955f010269df61e756429957a0a032386f6c51
controlled-relative-map-ridge-diagnostic,target-b,fixture-bank-15,wrong_city,16,6.056630455266935,7.2737150284008045,0.0,csi-pairs-v6-software-fixture,ded1ec639ff3e6fd5eba769d42db1ed36222a48af333a30a670254b30b164b74,620f300cbec1f56da4691882bc7dbe52593dc597fc62f6ae925c0f6ac72f1c6b,True,FORBIDDEN,0901433cbfe906073eae45118a1466e03afab04a766a3061a988ffe089ba4e01,9548a24a4faf5db17b5251df407b4402de033ae8648ec321c850fe6105002cf1,8128818d8ea8f5c3517d04da28955f010269df61e756429957a0a032386f6c51
controlled-relative-map-ridge-diagnostic,target-b,fixture-bank-17,correct,12,4.847205270563714,11.642917314773639,0.0,csi-pairs-v6-software-fixture,ded1ec639ff3e6fd5eba769d42db1ed36222a48af333a30a670254b30b164b74,620f300cbec1f56da4691882bc7dbe52593dc597fc62f6ae925c0f6ac72f1c6b,True,FORBIDDEN,0901433cbfe906073eae45118a1466e03afab04a766a3061a988ffe089ba4e01,9548a24a4faf5db17b5251df407b4402de033ae8648ec321c850fe6105002cf1,8128818d8ea8f5c3517d04da28955f010269df61e756429957a0a032386f6c51
controlled-relative-map-ridge-diagnostic,target-b,fixture-bank-17,empty,12,5.787629812443297,10.271178584319175,0.9404245418795827,csi-pairs-v6-software-fixture,ded1ec639ff3e6fd5eba769d42db1ed36222a48af333a30a670254b30b164b74,620f300cbec1f56da4691882bc7dbe52593dc597fc62f6ae925c0f6ac72f1c6b,True,FORBIDDEN,0901433cbfe906073eae45118a1466e03afab04a766a3061a988ffe089ba4e01,9548a24a4faf5db17b5251df407b4402de033ae8648ec321c850fe6105002cf1,8128818d8ea8f5c3517d04da28955f010269df61e756429957a0a032386f6c51
controlled-relative-map-ridge-diagnostic,target-b,fixture-bank-17,geometry_destroyed,12,5.3837878016620255,10.357343257211554,0.29967744638665683,csi-pairs-v6-software-fixture,ded1ec639ff3e6fd5eba769d42db1ed36222a48af333a30a670254b30b164b74,620f300cbec1f56da4691882bc7dbe52593dc597fc62f6ae925c0f6ac72f1c6b,True,FORBIDDEN,0901433cbfe906073eae45118a1466e03afab04a766a3061a988ffe089ba4e01,9548a24a4faf5db17b5251df407b4402de033ae8648ec321c850fe6105002cf1,8128818d8ea8f5c3517d04da28955f010269df61e756429957a0a032386f6c51
controlled-relative-map-ridge-diagnostic,target-b,fixture-bank-17,paired_active_alternative,12,4.8520529999321145,11.55261338375897,-0.00030051470672276537,csi-pairs-v6-software-fixture,ded1ec639ff3e6fd5eba769d42db1ed36222a48af333a30a670254b30b164b74,620f300cbec1f56da4691882bc7dbe52593dc597fc62f6ae925c0f6ac72f1c6b,True,FORBIDDEN,0901433cbfe906073eae45118a1466e03afab04a766a3061a988ffe089ba4e01,9548a24a4faf5db17b5251df407b4402de033ae8648ec321c850fe6105002cf1,8128818d8ea8f5c3517d04da28955f010269df61e756429957a0a032386f6c51
controlled-relative-map-ridge-diagnostic,target-b,fixture-bank-17,paired_null_alternative,12,4.8472037949363695,11.643013137383543,-8.662332033892994e-07,csi-pairs-v6-software-fixture,ded1ec639ff3e6fd5eba769d42db1ed36222a48af333a30a670254b30b164b74,620f300cbec1f56da4691882bc7dbe52593dc597fc62f6ae925c0f6ac72f1c6b,True,FORBIDDEN,0901433cbfe906073eae45118a1466e03afab04a766a3061a988ffe089ba4e01,9548a24a4faf5db17b5251df407b4402de033ae8648ec321c850fe6105002cf1,8128818d8ea8f5c3517d04da28955f010269df61e756429957a0a032386f6c51
controlled-relative-map-ridge-diagnostic,target-b,fixture-bank-17,wrong_city,12,6.405460872471047,9.762481812040566,1.5582556019073324,csi-pairs-v6-software-fixture,ded1ec639ff3e6fd5eba769d42db1ed36222a48af333a30a670254b30b164b74,620f300cbec1f56da4691882bc7dbe52593dc597fc62f6ae925c0f6ac72f1c6b,True,FORBIDDEN,0901433cbfe906073eae45118a1466e03afab04a766a3061a988ffe089ba4e01,9548a24a4faf5db17b5251df407b4402de033ae8648ec321c850fe6105002cf1,8128818d8ea8f5c3517d04da28955f010269df61e756429957a0a032386f6c51
