scene_id,bank_id,method,stratum,n,physical_patch_delta_nmse,artifact_label,dataset_sha256,config_sha256,fixture,scientific_use,source_tree_sha256,requirements_lock_sha256,runtime_provenance_sha256
fixture-scene-02,fixture-bank-02,no_x,all,512,1.0437378865508722,csi-pairs-v6-software-fixture,ded1ec639ff3e6fd5eba769d42db1ed36222a48af333a30a670254b30b164b74,620f300cbec1f56da4691882bc7dbe52593dc597fc62f6ae925c0f6ac72f1c6b,True,FORBIDDEN,0901433cbfe906073eae45118a1466e03afab04a766a3061a988ffe089ba4e01,9548a24a4faf5db17b5251df407b4402de033ae8648ec321c850fe6105002cf1,8128818d8ea8f5c3517d04da28955f010269df61e756429957a0a032386f6c51
fixture-scene-02,fixture-bank-02,no_x,active,360,0.9506983032001758,csi-pairs-v6-software-fixture,ded1ec639ff3e6fd5eba769d42db1ed36222a48af333a30a670254b30b164b74,620f300cbec1f56da4691882bc7dbe52593dc597fc62f6ae925c0f6ac72f1c6b,True,FORBIDDEN,0901433cbfe906073eae45118a1466e03afab04a766a3061a988ffe089ba4e01,9548a24a4faf5db17b5251df407b4402de033ae8648ec321c850fe6105002cf1,8128818d8ea8f5c3517d04da28955f010269df61e756429957a0a032386f6c51
fixture-scene-02,fixture-bank-02,no_x,null,132,2245.124465581944,csi-pairs-v6-software-fixture,ded1ec639ff3e6fd5eba769d42db1ed36222a48af333a30a670254b30b164b74,620f300cbec1f56da4691882bc7dbe52593dc597fc62f6ae925c0f6ac72f1c6b,True,FORBIDDEN,0901433cbfe906073eae45118a1466e03afab04a766a3061a988ffe089ba4e01,9548a24a4faf5db17b5251df407b4402de033ae8648ec321c850fe6105002cf1,8128818d8ea8f5c3517d04da28955f010269df61e756429957a0a032386f6c51
fixture-scene-02,fixture-bank-02,oracle_x,all,512,1.0586997042791262,csi-pairs-v6-software-fixture,ded1ec639ff3e6fd5eba769d42db1ed36222a48af333a30a670254b30b164b74,620f300cbec1f56da4691882bc7dbe52593dc597fc62f6ae925c0f6ac72f1c6b,True,FORBIDDEN,0901433cbfe906073eae45118a1466e03afab04a766a3061a988ffe089ba4e01,9548a24a4faf5db17b5251df407b4402de033ae8648ec321c850fe6105002cf1,8128818d8ea8f5c3517d04da28955f010269df61e756429957a0a032386f6c51
fixture-scene-02,fixture-bank-02,oracle_x,active,360,0.9618861520005151,csi-pairs-v6-software-fixture,ded1ec639ff3e6fd5eba769d42db1ed36222a48af333a30a670254b30b164b74,620f300cbec1f56da4691882bc7dbe52593dc597fc62f6ae925c0f6ac72f1c6b,True,FORBIDDEN,0901433cbfe906073eae45118a1466e03afab04a766a3061a988ffe089ba4e01,9548a24a4faf5db17b5251df407b4402de033ae8648ec321c850fe6105002cf1,8128818d8ea8f5c3517d04da28955f010269df61e756429957a0a032386f6c51
fixture-scene-02,fixture-bank-02,oracle_x,null,132,2347.8541415521104,csi-pairs-v6-software-fixture,ded1ec639ff3e6fd5eba769d42db1ed36222a48af333a30a670254b30b164b74,620f300cbec1f56da4691882bc7dbe52593dc597fc62f6ae925c0f6ac72f1c6b,True,FORBIDDEN,0901433cbfe906073eae45118a1466e03afab04a766a3061a988ffe089ba4e01,9548a24a4faf5db17b5251df407b4402de033ae8648ec321c850fe6105002cf1,8128818d8ea8f5c3517d04da28955f010269df61e756429957a0a032386f6c51
fixture-scene-02,fixture-bank-02,map_edit_only,all,512,1.0955716942713278,csi-pairs-v6-software-fixture,ded1ec639ff3e6fd5eba769d42db1ed36222a48af333a30a670254b30b164b74,620f300cbec1f56da4691882bc7dbe52593dc597fc62f6ae925c0f6ac72f1c6b,True,FORBIDDEN,0901433cbfe906073eae45118a1466e03afab04a766a3061a988ffe089ba4e01,9548a24a4faf5db17b5251df407b4402de033ae8648ec321c850fe6105002cf1,8128818d8ea8f5c3517d04da28955f010269df61e756429957a0a032386f6c51
fixture-scene-02,fixture-bank-02,map_edit_only,active,360,1.0280055982876306,csi-pairs-v6-software-fixture,ded1ec639ff3e6fd5eba769d42db1ed36222a48af333a30a670254b30b164b74,620f300cbec1f56da4691882bc7dbe52593dc597fc62f6ae925c0f6ac72f1c6b,True,FORBIDDEN,0901433cbfe906073eae45118a1466e03afab04a766a3061a988ffe089ba4e01,9548a24a4faf5db17b5251df407b4402de033ae8648ec321c850fe6105002cf1,8128818d8ea8f5c3517d04da28955f010269df61e756429957a0a032386f6c51
fixture-scene-02,fixture-bank-02,map_edit_only,null,132,1759.020983027047,csi-pairs-v6-software-fixture,ded1ec639ff3e6fd5eba769d42db1ed36222a48af333a30a670254b30b164b74,620f300cbec1f56da4691882bc7dbe52593dc597fc62f6ae925c0f6ac72f1c6b,True,FORBIDDEN,0901433cbfe906073eae45118a1466e03afab04a766a3061a988ffe089ba4e01,9548a24a4faf5db17b5251df407b4402de033ae8648ec321c850fe6105002cf1,8128818d8ea8f5c3517d04da28955f010269df61e756429957a0a032386f6c51
fixture-scene-02,fixture-bank-02,csi_only,all,512,1.0258564995955615,csi-pairs-v6-software-fixture,ded1ec639ff3e6fd5eba769d42db1ed36222a48af333a30a670254b30b164b74,620f300cbec1f56da4691882bc7dbe52593dc597fc62f6ae925c0f6ac72f1c6b,True,FORBIDDEN,0901433cbfe906073eae45118a1466e03afab04a766a3061a988ffe089ba4e01,9548a24a4faf5db17b5251df407b4402de033ae8648ec321c850fe6105002cf1,8128818d8ea8f5c3517d04da28955f010269df61e756429957a0a032386f6c51
fixture-scene-02,fixture-bank-02,csi_only,active,360,1.0132778032938254,csi-pairs-v6-software-fixture,ded1ec639ff3e6fd5eba769d42db1ed36222a48af333a30a670254b30b164b74,620f300cbec1f56da4691882bc7dbe52593dc597fc62f6ae925c0f6ac72f1c6b,True,FORBIDDEN,0901433cbfe906073eae45118a1466e03afab04a766a3061a988ffe089ba4e01,9548a24a4faf5db17b5251df407b4402de033ae8648ec321c850fe6105002cf1,8128818d8ea8f5c3517d04da28955f010269df61e756429957a0a032386f6c51
fixture-scene-02,fixture-bank-02,csi_only,null,132,293.65038654735844,csi-pairs-v6-software-fixture,ded1ec639ff3e6fd5eba769d42db1ed36222a48af333a30a670254b30b164b74,620f300cbec1f56da4691882bc7dbe52593dc597fc62f6ae925c0f6ac72f1c6b,True,FORBIDDEN,0901433cbfe906073eae45118a1466e03afab04a766a3061a988ffe089ba4e01,9548a24a4faf5db17b5251df407b4402de033ae8648ec321c850fe6105002cf1,8128818d8ea8f5c3517d04da28955f010269df61e756429957a0a032386f6c51
fixture-scene-02,fixture-bank-02,variant_id_only,all,512,1.0167559505824302,csi-pairs-v6-software-fixture,ded1ec639ff3e6fd5eba769d42db1ed36222a48af333a30a670254b30b164b74,620f300cbec1f56da4691882bc7dbe52593dc597fc62f6ae925c0f6ac72f1c6b,True,FORBIDDEN,0901433cbfe906073eae45118a1466e03afab04a766a3061a988ffe089ba4e01,9548a24a4faf5db17b5251df407b4402de033ae8648ec321c850fe6105002cf1,8128818d8ea8f5c3517d04da28955f010269df61e756429957a0a032386f6c51
fixture-scene-02,fixture-bank-02,variant_id_only,active,360,1.002767126475485,csi-pairs-v6-software-fixture,ded1ec639ff3e6fd5eba769d42db1ed36222a48af333a30a670254b30b164b74,620f300cbec1f56da4691882bc7dbe52593dc597fc62f6ae925c0f6ac72f1c6b,True,FORBIDDEN,0901433cbfe906073eae45118a1466e03afab04a766a3061a988ffe089ba4e01,9548a24a4faf5db17b5251df407b4402de033ae8648ec321c850fe6105002cf1,8128818d8ea8f5c3517d04da28955f010269df61e756429957a0a032386f6c51
fixture-scene-02,fixture-bank-02,variant_id_only,null,132,354.24756549409364,csi-pairs-v6-software-fixture,ded1ec639ff3e6fd5eba769d42db1ed36222a48af333a30a670254b30b164b74,620f300cbec1f56da4691882bc7dbe52593dc597fc62f6ae925c0f6ac72f1c6b,True,FORBIDDEN,0901433cbfe906073eae45118a1466e03afab04a766a3061a988ffe089ba4e01,9548a24a4faf5db17b5251df407b4402de033ae8648ec321c850fe6105002cf1,8128818d8ea8f5c3517d04da28955f010269df61e756429957a0a032386f6c51
fixture-scene-02,fixture-bank-02,copy,all,512,1.0,csi-pairs-v6-software-fixture,ded1ec639ff3e6fd5eba769d42db1ed36222a48af333a30a670254b30b164b74,620f300cbec1f56da4691882bc7dbe52593dc597fc62f6ae925c0f6ac72f1c6b,True,FORBIDDEN,0901433cbfe906073eae45118a1466e03afab04a766a3061a988ffe089ba4e01,9548a24a4faf5db17b5251df407b4402de033ae8648ec321c850fe6105002cf1,8128818d8ea8f5c3517d04da28955f010269df61e756429957a0a032386f6c51
fixture-scene-02,fixture-bank-02,copy,active,360,1.0,csi-pairs-v6-software-fixture,ded1ec639ff3e6fd5eba769d42db1ed36222a48af333a30a670254b30b164b74,620f300cbec1f56da4691882bc7dbe52593dc597fc62f6ae925c0f6ac72f1c6b,True,FORBIDDEN,0901433cbfe906073eae45118a1466e03afab04a766a3061a988ffe089ba4e01,9548a24a4faf5db17b5251df407b4402de033ae8648ec321c850fe6105002cf1,8128818d8ea8f5c3517d04da28955f010269df61e756429957a0a032386f6c51
fixture-scene-02,fixture-bank-02,copy,null,132,1.0,csi-pairs-v6-software-fixture,ded1ec639ff3e6fd5eba769d42db1ed36222a48af333a30a670254b30b164b74,620f300cbec1f56da4691882bc7dbe52593dc597fc62f6ae925c0f6ac72f1c6b,True,FORBIDDEN,0901433cbfe906073eae45118a1466e03afab04a766a3061a988ffe089ba4e01,9548a24a4faf5db17b5251df407b4402de033ae8648ec321c850fe6105002cf1,8128818d8ea8f5c3517d04da28955f010269df61e756429957a0a032386f6c51
fixture-scene-02,fixture-bank-02,no_action,all,512,1.0,csi-pairs-v6-software-fixture,ded1ec639ff3e6fd5eba769d42db1ed36222a48af333a30a670254b30b164b74,620f300cbec1f56da4691882bc7dbe52593dc597fc62f6ae925c0f6ac72f1c6b,True,FORBIDDEN,0901433cbfe906073eae45118a1466e03afab04a766a3061a988ffe089ba4e01,9548a24a4faf5db17b5251df407b4402de033ae8648ec321c850fe6105002cf1,8128818d8ea8f5c3517d04da28955f010269df61e756429957a0a032386f6c51
fixture-scene-02,fixture-bank-02,no_action,active,360,1.0,csi-pairs-v6-software-fixture,ded1ec639ff3e6fd5eba769d42db1ed36222a48af333a30a670254b30b164b74,620f300cbec1f56da4691882bc7dbe52593dc597fc62f6ae925c0f6ac72f1c6b,True,FORBIDDEN,0901433cbfe906073eae45118a1466e03afab04a766a3061a988ffe089ba4e01,9548a24a4faf5db17b5251df407b4402de033ae8648ec321c850fe6105002cf1,8128818d8ea8f5c3517d04da28955f010269df61e756429957a0a032386f6c51
fixture-scene-02,fixture-bank-02,no_action,null,132,1.0,csi-pairs-v6-software-fixture,ded1ec639ff3e6fd5eba769d42db1ed36222a48af333a30a670254b30b164b74,620f300cbec1f56da4691882bc7dbe52593dc597fc62f6ae925c0f6ac72f1c6b,True,FORBIDDEN,0901433cbfe906073eae45118a1466e03afab04a766a3061a988ffe089ba4e01,9548a24a4faf5db17b5251df407b4402de033ae8648ec321c850fe6105002cf1,8128818d8ea8f5c3517d04da28955f010269df61e756429957a0a032386f6c51
fixture-scene-02,fixture-bank-02,action_swap,all,512,1.3269910864348138,csi-pairs-v6-software-fixture,ded1ec639ff3e6fd5eba769d42db1ed36222a48af333a30a670254b30b164b74,620f300cbec1f56da4691882bc7dbe52593dc597fc62f6ae925c0f6ac72f1c6b,True,FORBIDDEN,0901433cbfe906073eae45118a1466e03afab04a766a3061a988ffe089ba4e01,9548a24a4faf5db17b5251df407b4402de033ae8648ec321c850fe6105002cf1,8128818d8ea8f5c3517d04da28955f010269df61e756429957a0a032386f6c51
fixture-scene-02,fixture-bank-02,action_swap,active,360,1.2487471997122397,csi-pairs-v6-software-fixture,ded1ec639ff3e6fd5eba769d42db1ed36222a48af333a30a670254b30b164b74,620f300cbec1f56da4691882bc7dbe52593dc597fc62f6ae925c0f6ac72f1c6b,True,FORBIDDEN,0901433cbfe906073eae45118a1466e03afab04a766a3061a988ffe089ba4e01,9548a24a4faf5db17b5251df407b4402de033ae8648ec321c850fe6105002cf1,8128818d8ea8f5c3517d04da28955f010269df61e756429957a0a032386f6c51
fixture-scene-02,fixture-bank-02,action_swap,null,132,1618.475900901003,csi-pairs-v6-software-fixture,ded1ec639ff3e6fd5eba769d42db1ed36222a48af333a30a670254b30b164b74,620f300cbec1f56da4691882bc7dbe52593dc597fc62f6ae925c0f6ac72f1c6b,True,FORBIDDEN,0901433cbfe906073eae45118a1466e03afab04a766a3061a988ffe089ba4e01,9548a24a4faf5db17b5251df407b4402de033ae8648ec321c850fe6105002cf1,8128818d8ea8f5c3517d04da28955f010269df61e756429957a0a032386f6c51
fixture-scene-03,fixture-bank-03,no_x,all,512,0.8870337276531847,csi-pairs-v6-software-fixture,ded1ec639ff3e6fd5eba769d42db1ed36222a48af333a30a670254b30b164b74,620f300cbec1f56da4691882bc7dbe52593dc597fc62f6ae925c0f6ac72f1c6b,True,FORBIDDEN,0901433cbfe906073eae45118a1466e03afab04a766a3061a988ffe089ba4e01,9548a24a4faf5db17b5251df407b4402de033ae8648ec321c850fe6105002cf1,8128818d8ea8f5c3517d04da28955f010269df61e756429957a0a032386f6c51
fixture-scene-03,fixture-bank-03,no_x,active,344,0.8425146214315175,csi-pairs-v6-software-fixture,ded1ec639ff3e6fd5eba769d42db1ed36222a48af333a30a670254b30b164b74,620f300cbec1f56da4691882bc7dbe52593dc597fc62f6ae925c0f6ac72f1c6b,True,FORBIDDEN,0901433cbfe906073eae45118a1466e03afab04a766a3061a988ffe089ba4e01,9548a24a4faf5db17b5251df407b4402de033ae8648ec321c850fe6105002cf1,8128818d8ea8f5c3517d04da28955f010269df61e756429957a0a032386f6c51
fixture-scene-03,fixture-bank-03,no_x,null,160,1040592.4076156205,csi-pairs-v6-software-fixture,ded1ec639ff3e6fd5eba769d42db1ed36222a48af333a30a670254b30b164b74,620f300cbec1f56da4691882bc7dbe52593dc597fc62f6ae925c0f6ac72f1c6b,True,FORBIDDEN,0901433cbfe906073eae45118a1466e03afab04a766a3061a988ffe089ba4e01,9548a24a4faf5db17b5251df407b4402de033ae8648ec321c850fe6105002cf1,8128818d8ea8f5c3517d04da28955f010269df61e756429957a0a032386f6c51
fixture-scene-03,fixture-bank-03,oracle_x,all,512,0.8884233869737168,csi-pairs-v6-software-fixture,ded1ec639ff3e6fd5eba769d42db1ed36222a48af333a30a670254b30b164b74,620f300cbec1f56da4691882bc7dbe52593dc597fc62f6ae925c0f6ac72f1c6b,True,FORBIDDEN,0901433cbfe906073eae45118a1466e03afab04a766a3061a988ffe089ba4e01,9548a24a4faf5db17b5251df407b4402de033ae8648ec321c850fe6105002cf1,8128818d8ea8f5c3517d04da28955f010269df61e756429957a0a032386f6c51
fixture-scene-03,fixture-bank-03,oracle_x,active,344,0.8453031982699303,csi-pairs-v6-software-fixture,ded1ec639ff3e6fd5eba769d42db1ed36222a48af333a30a670254b30b164b74,620f300cbec1f56da4691882bc7dbe52593dc597fc62f6ae925c0f6ac72f1c6b,True,FORBIDDEN,0901433cbfe906073eae45118a1466e03afab04a766a3061a988ffe089ba4e01,9548a24a4faf5db17b5251df407b4402de033ae8648ec321c850fe6105002cf1,8128818d8ea8f5c3517d04da28955f010269df61e756429957a0a032386f6c51
fixture-scene-03,fixture-bank-03,oracle_x,null,160,1004108.9698127357,csi-pairs-v6-software-fixture,ded1ec639ff3e6fd5eba769d42db1ed36222a48af333a30a670254b30b164b74,620f300cbec1f56da4691882bc7dbe52593dc597fc62f6ae925c0f6ac72f1c6b,True,FORBIDDEN,0901433cbfe906073eae45118a1466e03afab04a766a3061a988ffe089ba4e01,9548a24a4faf5db17b5251df407b4402de033ae8648ec321c850fe6105002cf1,8128818d8ea8f5c3517d04da28955f010269df61e756429957a0a032386f6c51
fixture-scene-03,fixture-bank-03,map_edit_only,all,512,1.0217800368091314,csi-pairs-v6-software-fixture,ded1ec639ff3e6fd5eba769d42db1ed36222a48af333a30a670254b30b164b74,620f300cbec1f56da4691882bc7dbe52593dc597fc62f6ae925c0f6ac72f1c6b,True,FORBIDDEN,0901433cbfe906073eae45118a1466e03afab04a766a3061a988ffe089ba4e01,9548a24a4faf5db17b5251df407b4402de033ae8648ec321c850fe6105002cf1,8128818d8ea8f5c3517d04da28955f010269df61e756429957a0a032386f6c51
fixture-scene-03,fixture-bank-03,map_edit_only,active,344,1.0048866013958646,csi-pairs-v6-software-fixture,ded1ec639ff3e6fd5eba769d42db1ed36222a48af333a30a670254b30b164b74,620f300cbec1f56da4691882bc7dbe52593dc597fc62f6ae925c0f6ac72f1c6b,True,FORBIDDEN,0901433cbfe906073eae45118a1466e03afab04a766a3061a988ffe089ba4e01,9548a24a4faf5db17b5251df407b4402de033ae8648ec321c850fe6105002cf1,8128818d8ea8f5c3517d04da28955f010269df61e756429957a0a032386f6c51
fixture-scene-03,fixture-bank-03,map_edit_only,null,160,406289.4790761315,csi-pairs-v6-software-fixture,ded1ec639ff3e6fd5eba769d42db1ed36222a48af333a30a670254b30b164b74,620f300cbec1f56da4691882bc7dbe52593dc597fc62f6ae925c0f6ac72f1c6b,True,FORBIDDEN,0901433cbfe906073eae45118a1466e03afab04a766a3061a988ffe089ba4e01,9548a24a4faf5db17b5251df407b4402de033ae8648ec321c850fe6105002cf1,8128818d8ea8f5c3517d04da28955f010269df61e756429957a0a032386f6c51
fixture-scene-03,fixture-bank-03,csi_only,all,512,0.9978069419252461,csi-pairs-v6-software-fixture,ded1ec639ff3e6fd5eba769d42db1ed36222a48af333a30a670254b30b164b74,620f300cbec1f56da4691882bc7dbe52593dc597fc62f6ae925c0f6ac72f1c6b,True,FORBIDDEN,0901433cbfe906073eae45118a1466e03afab04a766a3061a988ffe089ba4e01,9548a24a4faf5db17b5251df407b4402de033ae8648ec321c850fe6105002cf1,8128818d8ea8f5c3517d04da28955f010269df61e756429957a0a032386f6c51
fixture-scene-03,fixture-bank-03,csi_only,active,344,0.986121235334362,csi-pairs-v6-software-fixture,ded1ec639ff3e6fd5eba769d42db1ed36222a48af333a30a670254b30b164b74,620f300cbec1f56da4691882bc7dbe52593dc597fc62f6ae925c0f6ac72f1c6b,True,FORBIDDEN,0901433cbfe906073eae45118a1466e03afab04a766a3061a988ffe089ba4e01,9548a24a4faf5db17b5251df407b4402de033ae8648ec321c850fe6105002cf1,8128818d8ea8f5c3517d04da28955f010269df61e756429957a0a032386f6c51
fixture-scene-03,fixture-bank-03,csi_only,null,160,272113.48558034695,csi-pairs-v6-software-fixture,ded1ec639ff3e6fd5eba769d42db1ed36222a48af333a30a670254b30b164b74,620f300cbec1f56da4691882bc7dbe52593dc597fc62f6ae925c0f6ac72f1c6b,True,FORBIDDEN,0901433cbfe906073eae45118a1466e03afab04a766a3061a988ffe089ba4e01,9548a24a4faf5db17b5251df407b4402de033ae8648ec321c850fe6105002cf1,8128818d8ea8f5c3517d04da28955f010269df61e756429957a0a032386f6c51
fixture-scene-03,fixture-bank-03,variant_id_only,all,512,1.0081346844798111,csi-pairs-v6-software-fixture,ded1ec639ff3e6fd5eba769d42db1ed36222a48af333a30a670254b30b164b74,620f300cbec1f56da4691882bc7dbe52593dc597fc62f6ae925c0f6ac72f1c6b,True,FORBIDDEN,0901433cbfe906073eae45118a1466e03afab04a766a3061a988ffe089ba4e01,9548a24a4faf5db17b5251df407b4402de033ae8648ec321c850fe6105002cf1,8128818d8ea8f5c3517d04da28955f010269df61e756429957a0a032386f6c51
fixture-scene-03,fixture-bank-03,variant_id_only,active,344,0.9984604681120518,csi-pairs-v6-software-fixture,ded1ec639ff3e6fd5eba769d42db1ed36222a48af333a30a670254b30b164b74,620f300cbec1f56da4691882bc7dbe52593dc597fc62f6ae925c0f6ac72f1c6b,True,FORBIDDEN,0901433cbfe906073eae45118a1466e03afab04a766a3061a988ffe089ba4e01,9548a24a4faf5db17b5251df407b4402de033ae8648ec321c850fe6105002cf1,8128818d8ea8f5c3517d04da28955f010269df61e756429957a0a032386f6c51
fixture-scene-03,fixture-bank-03,variant_id_only,null,160,207255.5260435926,csi-pairs-v6-software-fixture,ded1ec639ff3e6fd5eba769d42db1ed36222a48af333a30a670254b30b164b74,620f300cbec1f56da4691882bc7dbe52593dc597fc62f6ae925c0f6ac72f1c6b,True,FORBIDDEN,0901433cbfe906073eae45118a1466e03afab04a766a3061a988ffe089ba4e01,9548a24a4faf5db17b5251df407b4402de033ae8648ec321c850fe6105002cf1,8128818d8ea8f5c3517d04da28955f010269df61e756429957a0a032386f6c51
fixture-scene-03,fixture-bank-03,copy,all,512,1.0,csi-pairs-v6-software-fixture,ded1ec639ff3e6fd5eba769d42db1ed36222a48af333a30a670254b30b164b74,620f300cbec1f56da4691882bc7dbe52593dc597fc62f6ae925c0f6ac72f1c6b,True,FORBIDDEN,0901433cbfe906073eae45118a1466e03afab04a766a3061a988ffe089ba4e01,9548a24a4faf5db17b5251df407b4402de033ae8648ec321c850fe6105002cf1,8128818d8ea8f5c3517d04da28955f010269df61e756429957a0a032386f6c51
fixture-scene-03,fixture-bank-03,copy,active,344,1.0,csi-pairs-v6-software-fixture,ded1ec639ff3e6fd5eba769d42db1ed36222a48af333a30a670254b30b164b74,620f300cbec1f56da4691882bc7dbe52593dc597fc62f6ae925c0f6ac72f1c6b,True,FORBIDDEN,0901433cbfe906073eae45118a1466e03afab04a766a3061a988ffe089ba4e01,9548a24a4faf5db17b5251df407b4402de033ae8648ec321c850fe6105002cf1,8128818d8ea8f5c3517d04da28955f010269df61e756429957a0a032386f6c51
fixture-scene-03,fixture-bank-03,copy,null,160,1.0,csi-pairs-v6-software-fixture,ded1ec639ff3e6fd5eba769d42db1ed36222a48af333a30a670254b30b164b74,620f300cbec1f56da4691882bc7dbe52593dc597fc62f6ae925c0f6ac72f1c6b,True,FORBIDDEN,0901433cbfe906073eae45118a1466e03afab04a766a3061a988ffe089ba4e01,9548a24a4faf5db17b5251df407b4402de033ae8648ec321c850fe6105002cf1,8128818d8ea8f5c3517d04da28955f010269df61e756429957a0a032386f6c51
fixture-scene-03,fixture-bank-03,no_action,all,512,1.0,csi-pairs-v6-software-fixture,ded1ec639ff3e6fd5eba769d42db1ed36222a48af333a30a670254b30b164b74,620f300cbec1f56da4691882bc7dbe52593dc597fc62f6ae925c0f6ac72f1c6b,True,FORBIDDEN,0901433cbfe906073eae45118a1466e03afab04a766a3061a988ffe089ba4e01,9548a24a4faf5db17b5251df407b4402de033ae8648ec321c850fe6105002cf1,8128818d8ea8f5c3517d04da28955f010269df61e756429957a0a032386f6c51
fixture-scene-03,fixture-bank-03,no_action,active,344,1.0,csi-pairs-v6-software-fixture,ded1ec639ff3e6fd5eba769d42db1ed36222a48af333a30a670254b30b164b74,620f300cbec1f56da4691882bc7dbe52593dc597fc62f6ae925c0f6ac72f1c6b,True,FORBIDDEN,0901433cbfe906073eae45118a1466e03afab04a766a3061a988ffe089ba4e01,9548a24a4faf5db17b5251df407b4402de033ae8648ec321c850fe6105002cf1,8128818d8ea8f5c3517d04da28955f010269df61e756429957a0a032386f6c51
fixture-scene-03,fixture-bank-03,no_action,null,160,1.0,csi-pairs-v6-software-fixture,ded1ec639ff3e6fd5eba769d42db1ed36222a48af333a30a670254b30b164b74,620f300cbec1f56da4691882bc7dbe52593dc597fc62f6ae925c0f6ac72f1c6b,True,FORBIDDEN,0901433cbfe906073eae45118a1466e03afab04a766a3061a988ffe089ba4e01,9548a24a4faf5db17b5251df407b4402de033ae8648ec321c850fe6105002cf1,8128818d8ea8f5c3517d04da28955f010269df61e756429957a0a032386f6c51
fixture-scene-03,fixture-bank-03,action_swap,all,512,1.1662236258203982,csi-pairs-v6-software-fixture,ded1ec639ff3e6fd5eba769d42db1ed36222a48af333a30a670254b30b164b74,620f300cbec1f56da4691882bc7dbe52593dc597fc62f6ae925c0f6ac72f1c6b,True,FORBIDDEN,0901433cbfe906073eae45118a1466e03afab04a766a3061a988ffe089ba4e01,9548a24a4faf5db17b5251df407b4402de033ae8648ec321c850fe6105002cf1,8128818d8ea8f5c3517d04da28955f010269df61e756429957a0a032386f6c51
fixture-scene-03,fixture-bank-03,action_swap,active,344,1.1039410138457546,csi-pairs-v6-software-fixture,ded1ec639ff3e6fd5eba769d42db1ed36222a48af333a30a670254b30b164b74,620f300cbec1f56da4691882bc7dbe52593dc597fc62f6ae925c0f6ac72f1c6b,True,FORBIDDEN,0901433cbfe906073eae45118a1466e03afab04a766a3061a988ffe089ba4e01,9548a24a4faf5db17b5251df407b4402de033ae8648ec321c850fe6105002cf1,8128818d8ea8f5c3517d04da28955f010269df61e756429957a0a032386f6c51
fixture-scene-03,fixture-bank-03,action_swap,null,160,1373087.3687911832,csi-pairs-v6-software-fixture,ded1ec639ff3e6fd5eba769d42db1ed36222a48af333a30a670254b30b164b74,620f300cbec1f56da4691882bc7dbe52593dc597fc62f6ae925c0f6ac72f1c6b,True,FORBIDDEN,0901433cbfe906073eae45118a1466e03afab04a766a3061a988ffe089ba4e01,9548a24a4faf5db17b5251df407b4402de033ae8648ec321c850fe6105002cf1,8128818d8ea8f5c3517d04da28955f010269df61e756429957a0a032386f6c51
