timestamp	identity	state	elapsed_seconds	cpu_seconds	rss_bytes	log_target	artifact_count	artifact_bytes	disk_available_bytes
2026-08-30T15:20:32+08:00	MATCH	R	102462	204825	141891813376	pipe:[921548520]	0	0	
2026-08-30T15:21:29+08:00	MATCH	R	102520	204941	141891813376	pipe:[921548520]	0	0	168734867456
2026-08-30T15:22:45+08:00	MATCH	R	102596	205098	141891813376	pipe:[921548520]	0	0	168734736384
2026-08-30T15:32:46+08:00	MATCH	R	103196	206326	141891813376	pipe:[921548520]	0	0	168735969280
2026-08-30T15:42:46+08:00	MATCH	R	103796	207553	141891813376	pipe:[921548520]	0	0	168738959360
2026-08-30T15:52:46+08:00	MATCH	R	104396	208776	141891813376	pipe:[921548520]	0	0	168740188160
2026-08-30T16:02:46+08:00	MATCH	R	104996	210004	141891813376	pipe:[921548520]	0	0	168740003840
2026-08-30T16:12:46+08:00	MATCH	R	105596	211229	141891813376	pipe:[921548520]	0	0	168743477248
2026-08-30T16:22:46+08:00	MATCH	R	106197	212457	141891813376	pipe:[921548520]	0	0	168740646912
2026-08-30T16:32:46+08:00	MATCH	R	106797	213684	141891813376	pipe:[921548520]	0	0	168738168832
2026-08-30T16:42:46+08:00	MATCH	R	107397	214910	141891813376	pipe:[921548520]	0	0	168742600704
2026-08-30T16:52:46+08:00	MATCH	R	107997	216138	141891813376	pipe:[921548520]	0	0	168736997376
2026-08-30T17:02:47+08:00	MATCH	R	108597	217363	141891813376	pipe:[921548520]	0	0	168739078144
2026-08-30T17:12:47+08:00	MATCH	R	109197	218588	141891813376	pipe:[921548520]	0	0	168739160064
2026-08-30T17:22:47+08:00	MATCH	R	109797	219817	141891813376	pipe:[921548520]	0	0	168738979840
2026-08-30T17:32:47+08:00	MATCH	R	110397	221042	141891813376	pipe:[921548520]	0	0	168737091584
2026-08-30T17:42:47+08:00	MATCH	R	110997	222267	141891813376	pipe:[921548520]	0	0	168741834752
2026-08-30T17:52:47+08:00	MATCH	R	111598	223466	141891813376	pipe:[921548520]	0	0	168738177024
2026-08-30T18:02:47+08:00	MATCH	R	112198	224689	141891813376	pipe:[921548520]	0	0	168738709504
2026-08-30T18:12:47+08:00	MATCH	R	112798	225915	141891813376	pipe:[921548520]	0	0	168741625856
2026-08-30T18:22:47+08:00	MATCH	R	113398	227130	141891813376	pipe:[921548520]	0	0	168740102144
2026-08-30T18:32:48+08:00	MATCH	R	113998	228352	141891813376	pipe:[921548520]	0	0	168737681408
2026-08-30T18:42:48+08:00	MATCH	R	114598	229567	141891813376	pipe:[921548520]	0	0	168734830592
2026-08-30T18:52:48+08:00	MATCH	R	115198	230795	141891813376	pipe:[921548520]	0	0	168735629312
2026-08-30T19:02:48+08:00	MATCH	R	115798	232022	141891813376	pipe:[921548520]	0	0	168735256576
2026-08-30T19:12:48+08:00	MATCH	R	116398	233244	141891813376	pipe:[921548520]	0	0	168736268288
2026-08-30T19:22:48+08:00	MATCH	R	116999	234471	141891813376	pipe:[921548520]	0	0	168734384128
2026-08-30T19:32:48+08:00	MATCH	R	117599	235700	141891813376	pipe:[921548520]	0	0	168733085696
2026-08-30T19:42:48+08:00	MATCH	R	118199	236930	141891813376	pipe:[921548520]	0	0	168726798336
2026-08-30T19:52:48+08:00	MATCH	R	118799	238158	141891813376	pipe:[921548520]	0	0	168732377088
2026-08-30T20:02:48+08:00	MATCH	R	119399	239387	141891813376	pipe:[921548520]	0	0	168732114944
2026-08-30T20:12:49+08:00	MATCH	R	119999	240617	141891813376	pipe:[921548520]	0	0	168733544448
2026-08-30T20:22:49+08:00	MATCH	R	120599	241838	141891813376	pipe:[921548520]	0	0	168732950528
2026-08-30T20:32:49+08:00	MATCH	R	121199	243066	141891813376	pipe:[921548520]	0	0	168731602944
2026-08-30T20:42:49+08:00	MATCH	R	121799	244294	141891813376	pipe:[921548520]	0	0	168730779648
2026-08-30T20:52:49+08:00	MATCH	R	122399	245519	141891813376	pipe:[921548520]	0	0	168733057024
2026-08-30T21:02:49+08:00	MATCH	R	123000	246738	141891813376	pipe:[921548520]	0	0	168728748032
2026-08-30T21:12:49+08:00	MATCH	R	123600	247938	141891813376	pipe:[921548520]	0	0	168729997312
2026-08-30T21:22:49+08:00	MATCH	R	124200	249158	141891813376	pipe:[921548520]	0	0	168733667328
2026-08-30T21:32:49+08:00	MATCH	R	124800	250382	141891813376	pipe:[921548520]	0	0	168731910144
2026-08-30T21:42:50+08:00	MATCH	R	125400	251603	141891829760	pipe:[921548520]	0	0	168733265920
2026-08-30T21:52:50+08:00	MATCH	R	126000	252830	141891829760	pipe:[921548520]	0	0	168730394624
2026-08-30T22:02:50+08:00	MATCH	R	126600	254061	141891829760	pipe:[921548520]	0	0	168731115520
2026-08-30T22:12:50+08:00	MATCH	R	127200	255290	141891829760	pipe:[921548520]	0	0	168730824704
2026-08-30T22:22:50+08:00	MATCH	R	127800	256521	141891829760	pipe:[921548520]	0	0	168739573760
2026-08-30T22:32:50+08:00	MATCH	R	128401	257752	141891829760	pipe:[921548520]	0	0	168743960576
2026-08-30T22:42:50+08:00	MATCH	R	129001	258983	141891829760	pipe:[921548520]	0	0	168743960576
2026-08-30T22:52:50+08:00	MATCH	R	129601	260213	141891829760	pipe:[921548520]	0	0	168743960576
2026-08-30T23:02:50+08:00	MATCH	R	130201	261442	141891829760	pipe:[921548520]	0	0	168743960576
2026-08-30T23:12:50+08:00	MATCH	R	130801	262673	141891829760	pipe:[921548520]	0	0	168743960576
2026-08-30T23:22:51+08:00	MATCH	R	131401	263888	141891829760	pipe:[921548520]	0	0	168743960576
2026-08-30T23:32:51+08:00	MATCH	R	132001	265102	141891829760	pipe:[921548520]	0	0	168743960576
2026-08-30T23:42:51+08:00	MATCH	R	132601	266330	141891829760	pipe:[921548520]	0	0	168731168768
2026-08-30T23:52:51+08:00	MATCH	R	133201	267561	141891829760	pipe:[921548520]	0	0	168734568448
2026-08-31T00:02:51+08:00	MATCH	R	133801	268767	141891829760	pipe:[921548520]	0	0	168644972544
2026-08-31T00:12:52+08:00	MATCH	R	134402	269973	141891829760	pipe:[921548520]	0	0	168634318848
2026-08-31T00:22:53+08:00	MATCH	R	135003	270714	141891829760	pipe:[921548520]	0	0	168633794560
2026-08-31T00:32:53+08:00	MATCH	R	135604	271777	141891829760	pipe:[921548520]	0	0	168634429440
2026-08-31T00:42:54+08:00	MATCH	R	136204	272414	141891829760	pipe:[921548520]	0	0	168632815616
2026-08-31T00:52:54+08:00	MATCH	R	136804	273640	141891829760	pipe:[921548520]	0	0	168625659904
2026-08-31T01:02:54+08:00	MATCH	R	137404	274862	141891829760	pipe:[921548520]	0	0	168607526912
2026-08-31T01:12:54+08:00	MATCH	R	138005	275917	141891829760	pipe:[921548520]	0	0	168613879808
2026-08-31T01:22:55+08:00	MATCH	R	138606	276982	141891829760	pipe:[921548520]	0	0	168603054080
2026-08-31T01:32:55+08:00	MATCH	R	139206	278208	141891829760	pipe:[921548520]	0	0	168608542720
2026-08-31T01:42:55+08:00	MATCH	R	139806	279106	141891829760	pipe:[921548520]	0	0	168600428544
2026-08-31T01:52:55+08:00	MATCH	R	140406	280294	141891829760	pipe:[921548520]	0	0	168589668352
2026-08-31T02:02:56+08:00	MATCH	R	141006	281071	141891829760	pipe:[921548520]	0	0	168589918208
2026-08-31T02:12:56+08:00	MATCH	R	141606	282296	141891829760	pipe:[921548520]	0	0	168580947968
2026-08-31T02:22:56+08:00	MATCH	R	142206	283522	141891829760	pipe:[921548520]	0	0	168583221248
2026-08-31T02:32:56+08:00	MATCH	R	142806	284746	141891829760	pipe:[921548520]	0	0	168572628992
2026-08-31T02:42:56+08:00	MATCH	R	143406	285965	141891829760	pipe:[921548520]	0	0	168564207616
2026-08-31T02:52:56+08:00	MATCH	R	144007	286871	141891829760	pipe:[921548520]	0	0	168546230272
2026-08-31T03:02:56+08:00	MATCH	R	144607	288096	141891829760	pipe:[921548520]	0	0	168555249664
2026-08-31T03:12:56+08:00	MATCH	R	145207	289317	141891829760	pipe:[921548520]	0	0	168539525120
2026-08-31T03:22:57+08:00	MATCH	R	145807	290284	141898571776	pipe:[921548520]	0	0	168529047552
2026-08-31T03:32:58+08:00	MATCH	R	146408	291402	141996363776	pipe:[921548520]	0	0	168527921152
2026-08-31T03:42:59+08:00	MATCH	R	147009	292622	142509174784	pipe:[921548520]	0	0	168519577600
2026-08-31T03:52:59+08:00	MATCH	R	147609	293810	143000100864	pipe:[921548520]	0	0	168514912256
2026-08-31T04:02:59+08:00	MATCH	R	148209	294970	143481384960	pipe:[921548520]	0	0	168496181248
2026-08-31T04:12:59+08:00	MATCH	R	148809	296140	143972130816	pipe:[921548520]	0	0	168479977472
2026-08-31T04:22:59+08:00	MATCH	R	149410	297201	144417710080	pipe:[921548520]	0	0	168429346816
2026-08-31T04:33:01+08:00	MATCH	R	150012	297602	144584552448	pipe:[921548520]	0	0	168411504640
2026-08-31T04:43:03+08:00	MATCH	R	150614	298184	144830263296	pipe:[921548520]	0	0	168409702400
2026-08-31T04:53:04+08:00	MATCH	R	151215	298949	145145241600	pipe:[921548520]	0	0	168396783616
2026-08-31T05:03:05+08:00	MATCH	R	151815	300115	145636495360	pipe:[921548520]	0	0	168365006848
2026-08-31T05:13:05+08:00	MATCH	R	152416	300626	145849192448	pipe:[921548520]	0	0	168376348672
2026-08-31T05:23:08+08:00	MATCH	R	153019	300938	145979613184	pipe:[921548520]	0	0	168363868160
