unit_id,city_id,bank_id,position_id,source_world,active_world,null_world,wrong_city_bank_id,csi_context_sha256,base_map_cluster_id,query_count,artifact_label,dataset_sha256,config_sha256,fixture,scientific_use,source_tree_sha256,requirements_lock_sha256,runtime_provenance_sha256
fixture-bank-12:0:source-a:fixture-bank-12:p0000,source-a,fixture-bank-12,source-a:fixture-bank-12:p0000,0,2,1,fixture-bank-13,a02316f49d638f2bbf2bce770820c4a7b5b2e5c9a8617c5ddc97fda97c337403,fixture-base-12,1,csi-pairs-v6-software-fixture,ded1ec639ff3e6fd5eba769d42db1ed36222a48af333a30a670254b30b164b74,620f300cbec1f56da4691882bc7dbe52593dc597fc62f6ae925c0f6ac72f1c6b,True,FORBIDDEN,0901433cbfe906073eae45118a1466e03afab04a766a3061a988ffe089ba4e01,9548a24a4faf5db17b5251df407b4402de033ae8648ec321c850fe6105002cf1,8128818d8ea8f5c3517d04da28955f010269df61e756429957a0a032386f6c51
fixture-bank-12:0:source-a:fixture-bank-12:p0001,source-a,fixture-bank-12,source-a:fixture-bank-12:p0001,0,2,1,fixture-bank-13,b0cb92920f82d1d9b0180148b2a64a0dd38097efd4c19bf921bc07a5ede8ac32,fixture-base-12,1,csi-pairs-v6-software-fixture,ded1ec639ff3e6fd5eba769d42db1ed36222a48af333a30a670254b30b164b74,620f300cbec1f56da4691882bc7dbe52593dc597fc62f6ae925c0f6ac72f1c6b,True,FORBIDDEN,0901433cbfe906073eae45118a1466e03afab04a766a3061a988ffe089ba4e01,9548a24a4faf5db17b5251df407b4402de033ae8648ec321c850fe6105002cf1,8128818d8ea8f5c3517d04da28955f010269df61e756429957a0a032386f6c51
fixture-bank-12:0:source-a:fixture-bank-12:p0002,source-a,fixture-bank-12,source-a:fixture-bank-12:p0002,0,1,2,fixture-bank-13,5dd652dc734f8db8e6394f51a4a5c1af21260da77a616264ca4ff8a5e3617c21,fixture-base-12,1,csi-pairs-v6-software-fixture,ded1ec639ff3e6fd5eba769d42db1ed36222a48af333a30a670254b30b164b74,620f300cbec1f56da4691882bc7dbe52593dc597fc62f6ae925c0f6ac72f1c6b,True,FORBIDDEN,0901433cbfe906073eae45118a1466e03afab04a766a3061a988ffe089ba4e01,9548a24a4faf5db17b5251df407b4402de033ae8648ec321c850fe6105002cf1,8128818d8ea8f5c3517d04da28955f010269df61e756429957a0a032386f6c51
fixture-bank-12:0:source-a:fixture-bank-12:p0003,source-a,fixture-bank-12,source-a:fixture-bank-12:p0003,0,1,2,fixture-bank-13,cc28bc7fab0bedc9d49b57edc192b82b6b0a6f4f095d478f7c91c1bc6a180947,fixture-base-12,1,csi-pairs-v6-software-fixture,ded1ec639ff3e6fd5eba769d42db1ed36222a48af333a30a670254b30b164b74,620f300cbec1f56da4691882bc7dbe52593dc597fc62f6ae925c0f6ac72f1c6b,True,FORBIDDEN,0901433cbfe906073eae45118a1466e03afab04a766a3061a988ffe089ba4e01,9548a24a4faf5db17b5251df407b4402de033ae8648ec321c850fe6105002cf1,8128818d8ea8f5c3517d04da28955f010269df61e756429957a0a032386f6c51
fixture-bank-12:0:source-a:fixture-bank-12:p0006,source-a,fixture-bank-12,source-a:fixture-bank-12:p0006,0,1,2,fixture-bank-13,7968d0049500e01ba8a6b8ffedbb5e89fba78a0833d3882579245fa3075823a3,fixture-base-12,1,csi-pairs-v6-software-fixture,ded1ec639ff3e6fd5eba769d42db1ed36222a48af333a30a670254b30b164b74,620f300cbec1f56da4691882bc7dbe52593dc597fc62f6ae925c0f6ac72f1c6b,True,FORBIDDEN,0901433cbfe906073eae45118a1466e03afab04a766a3061a988ffe089ba4e01,9548a24a4faf5db17b5251df407b4402de033ae8648ec321c850fe6105002cf1,8128818d8ea8f5c3517d04da28955f010269df61e756429957a0a032386f6c51
fixture-bank-12:0:source-a:fixture-bank-12:p0007,source-a,fixture-bank-12,source-a:fixture-bank-12:p0007,0,1,2,fixture-bank-13,e2cccb8d1450e7d45af79f716aad0bb73ef373563d5b85ec5bb34459d6d04909,fixture-base-12,1,csi-pairs-v6-software-fixture,ded1ec639ff3e6fd5eba769d42db1ed36222a48af333a30a670254b30b164b74,620f300cbec1f56da4691882bc7dbe52593dc597fc62f6ae925c0f6ac72f1c6b,True,FORBIDDEN,0901433cbfe906073eae45118a1466e03afab04a766a3061a988ffe089ba4e01,9548a24a4faf5db17b5251df407b4402de033ae8648ec321c850fe6105002cf1,8128818d8ea8f5c3517d04da28955f010269df61e756429957a0a032386f6c51
fixture-bank-12:1:source-a:fixture-bank-12:p0000,source-a,fixture-bank-12,source-a:fixture-bank-12:p0000,1,3,0,fixture-bank-13,24b9b6a86f62cd0237c4e1389d8601ebb5cbe3daf2f2c4884127321c4680ec96,fixture-base-12,1,csi-pairs-v6-software-fixture,ded1ec639ff3e6fd5eba769d42db1ed36222a48af333a30a670254b30b164b74,620f300cbec1f56da4691882bc7dbe52593dc597fc62f6ae925c0f6ac72f1c6b,True,FORBIDDEN,0901433cbfe906073eae45118a1466e03afab04a766a3061a988ffe089ba4e01,9548a24a4faf5db17b5251df407b4402de033ae8648ec321c850fe6105002cf1,8128818d8ea8f5c3517d04da28955f010269df61e756429957a0a032386f6c51
fixture-bank-12:1:source-a:fixture-bank-12:p0001,source-a,fixture-bank-12,source-a:fixture-bank-12:p0001,1,3,0,fixture-bank-13,9a57ba6dccc7a4db33fe1fd5cac4e44152cbe157d4f4cc8317c419149c315b16,fixture-base-12,1,csi-pairs-v6-software-fixture,ded1ec639ff3e6fd5eba769d42db1ed36222a48af333a30a670254b30b164b74,620f300cbec1f56da4691882bc7dbe52593dc597fc62f6ae925c0f6ac72f1c6b,True,FORBIDDEN,0901433cbfe906073eae45118a1466e03afab04a766a3061a988ffe089ba4e01,9548a24a4faf5db17b5251df407b4402de033ae8648ec321c850fe6105002cf1,8128818d8ea8f5c3517d04da28955f010269df61e756429957a0a032386f6c51
fixture-bank-12:1:source-a:fixture-bank-12:p0002,source-a,fixture-bank-12,source-a:fixture-bank-12:p0002,1,0,3,fixture-bank-13,c9553e3a94737c7705801e64f54bbe46f9d5f09580b13b801e2570d56f0d7ad3,fixture-base-12,1,csi-pairs-v6-software-fixture,ded1ec639ff3e6fd5eba769d42db1ed36222a48af333a30a670254b30b164b74,620f300cbec1f56da4691882bc7dbe52593dc597fc62f6ae925c0f6ac72f1c6b,True,FORBIDDEN,0901433cbfe906073eae45118a1466e03afab04a766a3061a988ffe089ba4e01,9548a24a4faf5db17b5251df407b4402de033ae8648ec321c850fe6105002cf1,8128818d8ea8f5c3517d04da28955f010269df61e756429957a0a032386f6c51
fixture-bank-12:1:source-a:fixture-bank-12:p0003,source-a,fixture-bank-12,source-a:fixture-bank-12:p0003,1,0,3,fixture-bank-13,92408311afb9a242859c0b8badf0f6ba451c09de1b6e14ed217d95c4d6b9b1a5,fixture-base-12,1,csi-pairs-v6-software-fixture,ded1ec639ff3e6fd5eba769d42db1ed36222a48af333a30a670254b30b164b74,620f300cbec1f56da4691882bc7dbe52593dc597fc62f6ae925c0f6ac72f1c6b,True,FORBIDDEN,0901433cbfe906073eae45118a1466e03afab04a766a3061a988ffe089ba4e01,9548a24a4faf5db17b5251df407b4402de033ae8648ec321c850fe6105002cf1,8128818d8ea8f5c3517d04da28955f010269df61e756429957a0a032386f6c51
fixture-bank-12:1:source-a:fixture-bank-12:p0006,source-a,fixture-bank-12,source-a:fixture-bank-12:p0006,1,0,3,fixture-bank-13,c0be8da0d6c36faa4f20c8b4e990765e98bcc086160375b32f47cd732b2d7ca9,fixture-base-12,1,csi-pairs-v6-software-fixture,ded1ec639ff3e6fd5eba769d42db1ed36222a48af333a30a670254b30b164b74,620f300cbec1f56da4691882bc7dbe52593dc597fc62f6ae925c0f6ac72f1c6b,True,FORBIDDEN,0901433cbfe906073eae45118a1466e03afab04a766a3061a988ffe089ba4e01,9548a24a4faf5db17b5251df407b4402de033ae8648ec321c850fe6105002cf1,8128818d8ea8f5c3517d04da28955f010269df61e756429957a0a032386f6c51
fixture-bank-12:1:source-a:fixture-bank-12:p0007,source-a,fixture-bank-12,source-a:fixture-bank-12:p0007,1,0,3,fixture-bank-13,59c6f086ced3ba2f0dafbcf03b47251f41390e683c47d7b94c2d55bde727718b,fixture-base-12,1,csi-pairs-v6-software-fixture,ded1ec639ff3e6fd5eba769d42db1ed36222a48af333a30a670254b30b164b74,620f300cbec1f56da4691882bc7dbe52593dc597fc62f6ae925c0f6ac72f1c6b,True,FORBIDDEN,0901433cbfe906073eae45118a1466e03afab04a766a3061a988ffe089ba4e01,9548a24a4faf5db17b5251df407b4402de033ae8648ec321c850fe6105002cf1,8128818d8ea8f5c3517d04da28955f010269df61e756429957a0a032386f6c51
fixture-bank-12:2:source-a:fixture-bank-12:p0000,source-a,fixture-bank-12,source-a:fixture-bank-12:p0000,2,0,3,fixture-bank-13,7a0bd4c7b179bed35a88f463b8cb36199a6ef534a2730b0cddfd92da3013e5c2,fixture-base-12,1,csi-pairs-v6-software-fixture,ded1ec639ff3e6fd5eba769d42db1ed36222a48af333a30a670254b30b164b74,620f300cbec1f56da4691882bc7dbe52593dc597fc62f6ae925c0f6ac72f1c6b,True,FORBIDDEN,0901433cbfe906073eae45118a1466e03afab04a766a3061a988ffe089ba4e01,9548a24a4faf5db17b5251df407b4402de033ae8648ec321c850fe6105002cf1,8128818d8ea8f5c3517d04da28955f010269df61e756429957a0a032386f6c51
fixture-bank-12:2:source-a:fixture-bank-12:p0001,source-a,fixture-bank-12,source-a:fixture-bank-12:p0001,2,0,3,fixture-bank-13,f390a79086c2a22ef736bcec57c79eb46fa6adfa36a768332cbeed97d863de30,fixture-base-12,1,csi-pairs-v6-software-fixture,ded1ec639ff3e6fd5eba769d42db1ed36222a48af333a30a670254b30b164b74,620f300cbec1f56da4691882bc7dbe52593dc597fc62f6ae925c0f6ac72f1c6b,True,FORBIDDEN,0901433cbfe906073eae45118a1466e03afab04a766a3061a988ffe089ba4e01,9548a24a4faf5db17b5251df407b4402de033ae8648ec321c850fe6105002cf1,8128818d8ea8f5c3517d04da28955f010269df61e756429957a0a032386f6c51
fixture-bank-12:2:source-a:fixture-bank-12:p0002,source-a,fixture-bank-12,source-a:fixture-bank-12:p0002,2,3,0,fixture-bank-13,203115c7b28db4e3005fbd5c3f5556e3b864c8ff4911ed5c368aa26c5e3e99da,fixture-base-12,1,csi-pairs-v6-software-fixture,ded1ec639ff3e6fd5eba769d42db1ed36222a48af333a30a670254b30b164b74,620f300cbec1f56da4691882bc7dbe52593dc597fc62f6ae925c0f6ac72f1c6b,True,FORBIDDEN,0901433cbfe906073eae45118a1466e03afab04a766a3061a988ffe089ba4e01,9548a24a4faf5db17b5251df407b4402de033ae8648ec321c850fe6105002cf1,8128818d8ea8f5c3517d04da28955f010269df61e756429957a0a032386f6c51
fixture-bank-12:2:source-a:fixture-bank-12:p0003,source-a,fixture-bank-12,source-a:fixture-bank-12:p0003,2,3,0,fixture-bank-13,92321ec5041aadad4e014397d8eaa927847bf3f1360b4363f84d7a3776e0100c,fixture-base-12,1,csi-pairs-v6-software-fixture,ded1ec639ff3e6fd5eba769d42db1ed36222a48af333a30a670254b30b164b74,620f300cbec1f56da4691882bc7dbe52593dc597fc62f6ae925c0f6ac72f1c6b,True,FORBIDDEN,0901433cbfe906073eae45118a1466e03afab04a766a3061a988ffe089ba4e01,9548a24a4faf5db17b5251df407b4402de033ae8648ec321c850fe6105002cf1,8128818d8ea8f5c3517d04da28955f010269df61e756429957a0a032386f6c51
fixture-bank-12:2:source-a:fixture-bank-12:p0006,source-a,fixture-bank-12,source-a:fixture-bank-12:p0006,2,3,0,fixture-bank-13,43b41030874efac3eb389372938d7d3f4d1d3e0b2342dcb599c45a1166bf8d80,fixture-base-12,1,csi-pairs-v6-software-fixture,ded1ec639ff3e6fd5eba769d42db1ed36222a48af333a30a670254b30b164b74,620f300cbec1f56da4691882bc7dbe52593dc597fc62f6ae925c0f6ac72f1c6b,True,FORBIDDEN,0901433cbfe906073eae45118a1466e03afab04a766a3061a988ffe089ba4e01,9548a24a4faf5db17b5251df407b4402de033ae8648ec321c850fe6105002cf1,8128818d8ea8f5c3517d04da28955f010269df61e756429957a0a032386f6c51
fixture-bank-12:2:source-a:fixture-bank-12:p0007,source-a,fixture-bank-12,source-a:fixture-bank-12:p0007,2,3,0,fixture-bank-13,5d55e58427bac5457c4c20376f4cb7ac52d1db162041e7fa1114fed70184383d,fixture-base-12,1,csi-pairs-v6-software-fixture,ded1ec639ff3e6fd5eba769d42db1ed36222a48af333a30a670254b30b164b74,620f300cbec1f56da4691882bc7dbe52593dc597fc62f6ae925c0f6ac72f1c6b,True,FORBIDDEN,0901433cbfe906073eae45118a1466e03afab04a766a3061a988ffe089ba4e01,9548a24a4faf5db17b5251df407b4402de033ae8648ec321c850fe6105002cf1,8128818d8ea8f5c3517d04da28955f010269df61e756429957a0a032386f6c51
fixture-bank-12:3:source-a:fixture-bank-12:p0000,source-a,fixture-bank-12,source-a:fixture-bank-12:p0000,3,1,2,fixture-bank-13,50bce3065347beee5d92cd6970eeca66d94739a90bb80044c74ff32635a0c320,fixture-base-12,1,csi-pairs-v6-software-fixture,ded1ec639ff3e6fd5eba769d42db1ed36222a48af333a30a670254b30b164b74,620f300cbec1f56da4691882bc7dbe52593dc597fc62f6ae925c0f6ac72f1c6b,True,FORBIDDEN,0901433cbfe906073eae45118a1466e03afab04a766a3061a988ffe089ba4e01,9548a24a4faf5db17b5251df407b4402de033ae8648ec321c850fe6105002cf1,8128818d8ea8f5c3517d04da28955f010269df61e756429957a0a032386f6c51
fixture-bank-12:3:source-a:fixture-bank-12:p0001,source-a,fixture-bank-12,source-a:fixture-bank-12:p0001,3,1,2,fixture-bank-13,d26504104dbafd5a70b247433f6ab84c2c6bd4e39feee975c5b67904e0cbc812,fixture-base-12,1,csi-pairs-v6-software-fixture,ded1ec639ff3e6fd5eba769d42db1ed36222a48af333a30a670254b30b164b74,620f300cbec1f56da4691882bc7dbe52593dc597fc62f6ae925c0f6ac72f1c6b,True,FORBIDDEN,0901433cbfe906073eae45118a1466e03afab04a766a3061a988ffe089ba4e01,9548a24a4faf5db17b5251df407b4402de033ae8648ec321c850fe6105002cf1,8128818d8ea8f5c3517d04da28955f010269df61e756429957a0a032386f6c51
fixture-bank-12:3:source-a:fixture-bank-12:p0002,source-a,fixture-bank-12,source-a:fixture-bank-12:p0002,3,2,1,fixture-bank-13,f7425bda1267ed0e04db2f65f05d5ae3d6c99093a5cdb8c1f8d7b20797ebc42b,fixture-base-12,1,csi-pairs-v6-software-fixture,ded1ec639ff3e6fd5eba769d42db1ed36222a48af333a30a670254b30b164b74,620f300cbec1f56da4691882bc7dbe52593dc597fc62f6ae925c0f6ac72f1c6b,True,FORBIDDEN,0901433cbfe906073eae45118a1466e03afab04a766a3061a988ffe089ba4e01,9548a24a4faf5db17b5251df407b4402de033ae8648ec321c850fe6105002cf1,8128818d8ea8f5c3517d04da28955f010269df61e756429957a0a032386f6c51
fixture-bank-12:3:source-a:fixture-bank-12:p0003,source-a,fixture-bank-12,source-a:fixture-bank-12:p0003,3,2,1,fixture-bank-13,7376d7f7e01ac714c60868569c4baa9a0b10480c74a96bcdeb0501d0289e3c6b,fixture-base-12,1,csi-pairs-v6-software-fixture,ded1ec639ff3e6fd5eba769d42db1ed36222a48af333a30a670254b30b164b74,620f300cbec1f56da4691882bc7dbe52593dc597fc62f6ae925c0f6ac72f1c6b,True,FORBIDDEN,0901433cbfe906073eae45118a1466e03afab04a766a3061a988ffe089ba4e01,9548a24a4faf5db17b5251df407b4402de033ae8648ec321c850fe6105002cf1,8128818d8ea8f5c3517d04da28955f010269df61e756429957a0a032386f6c51
fixture-bank-12:3:source-a:fixture-bank-12:p0006,source-a,fixture-bank-12,source-a:fixture-bank-12:p0006,3,2,1,fixture-bank-13,69555a8dc0aefe8b64a37c5cc5955377c39b985676853b807fb8f580f4a10e8a,fixture-base-12,1,csi-pairs-v6-software-fixture,ded1ec639ff3e6fd5eba769d42db1ed36222a48af333a30a670254b30b164b74,620f300cbec1f56da4691882bc7dbe52593dc597fc62f6ae925c0f6ac72f1c6b,True,FORBIDDEN,0901433cbfe906073eae45118a1466e03afab04a766a3061a988ffe089ba4e01,9548a24a4faf5db17b5251df407b4402de033ae8648ec321c850fe6105002cf1,8128818d8ea8f5c3517d04da28955f010269df61e756429957a0a032386f6c51
fixture-bank-12:3:source-a:fixture-bank-12:p0007,source-a,fixture-bank-12,source-a:fixture-bank-12:p0007,3,2,1,fixture-bank-13,041007b923f46bc7985f6dd001819d54f517ead6a00c33416edb8bb63e9e1125,fixture-base-12,1,csi-pairs-v6-software-fixture,ded1ec639ff3e6fd5eba769d42db1ed36222a48af333a30a670254b30b164b74,620f300cbec1f56da4691882bc7dbe52593dc597fc62f6ae925c0f6ac72f1c6b,True,FORBIDDEN,0901433cbfe906073eae45118a1466e03afab04a766a3061a988ffe089ba4e01,9548a24a4faf5db17b5251df407b4402de033ae8648ec321c850fe6105002cf1,8128818d8ea8f5c3517d04da28955f010269df61e756429957a0a032386f6c51
fixture-bank-13:0:source-b:fixture-bank-13:p0000,source-b,fixture-bank-13,source-b:fixture-bank-13:p0000,0,1,2,fixture-bank-12,76ea2e3a00eec0025ebda7fd8f2e356acc0d7c4714b7c456a129ea304a48c1bf,fixture-base-13,1,csi-pairs-v6-software-fixture,ded1ec639ff3e6fd5eba769d42db1ed36222a48af333a30a670254b30b164b74,620f300cbec1f56da4691882bc7dbe52593dc597fc62f6ae925c0f6ac72f1c6b,True,FORBIDDEN,0901433cbfe906073eae45118a1466e03afab04a766a3061a988ffe089ba4e01,9548a24a4faf5db17b5251df407b4402de033ae8648ec321c850fe6105002cf1,8128818d8ea8f5c3517d04da28955f010269df61e756429957a0a032386f6c51
fixture-bank-13:0:source-b:fixture-bank-13:p0001,source-b,fixture-bank-13,source-b:fixture-bank-13:p0001,0,1,2,fixture-bank-12,9ab9fc7745e7c35deffb94a7fc61cb061c061645e219b275a74e81929ca6cc86,fixture-base-13,1,csi-pairs-v6-software-fixture,ded1ec639ff3e6fd5eba769d42db1ed36222a48af333a30a670254b30b164b74,620f300cbec1f56da4691882bc7dbe52593dc597fc62f6ae925c0f6ac72f1c6b,True,FORBIDDEN,0901433cbfe906073eae45118a1466e03afab04a766a3061a988ffe089ba4e01,9548a24a4faf5db17b5251df407b4402de033ae8648ec321c850fe6105002cf1,8128818d8ea8f5c3517d04da28955f010269df61e756429957a0a032386f6c51
fixture-bank-13:0:source-b:fixture-bank-13:p0003,source-b,fixture-bank-13,source-b:fixture-bank-13:p0003,0,2,1,fixture-bank-12,6b7f9c921ffd8676fefa958e3d12a8208406eefa14d981457544842baac47f7e,fixture-base-13,1,csi-pairs-v6-software-fixture,ded1ec639ff3e6fd5eba769d42db1ed36222a48af333a30a670254b30b164b74,620f300cbec1f56da4691882bc7dbe52593dc597fc62f6ae925c0f6ac72f1c6b,True,FORBIDDEN,0901433cbfe906073eae45118a1466e03afab04a766a3061a988ffe089ba4e01,9548a24a4faf5db17b5251df407b4402de033ae8648ec321c850fe6105002cf1,8128818d8ea8f5c3517d04da28955f010269df61e756429957a0a032386f6c51
fixture-bank-13:0:source-b:fixture-bank-13:p0005,source-b,fixture-bank-13,source-b:fixture-bank-13:p0005,0,1,2,fixture-bank-12,bacf6cb359d199325a229b00a3d183d2406bf22b56bb65d41b88f7d32957ce79,fixture-base-13,1,csi-pairs-v6-software-fixture,ded1ec639ff3e6fd5eba769d42db1ed36222a48af333a30a670254b30b164b74,620f300cbec1f56da4691882bc7dbe52593dc597fc62f6ae925c0f6ac72f1c6b,True,FORBIDDEN,0901433cbfe906073eae45118a1466e03afab04a766a3061a988ffe089ba4e01,9548a24a4faf5db17b5251df407b4402de033ae8648ec321c850fe6105002cf1,8128818d8ea8f5c3517d04da28955f010269df61e756429957a0a032386f6c51
fixture-bank-13:0:source-b:fixture-bank-13:p0006,source-b,fixture-bank-13,source-b:fixture-bank-13:p0006,0,2,1,fixture-bank-12,05cb4741f3c81331ae2f09cb6e51d62c787c4057b83b9d9068673fc6fa8ec8ca,fixture-base-13,1,csi-pairs-v6-software-fixture,ded1ec639ff3e6fd5eba769d42db1ed36222a48af333a30a670254b30b164b74,620f300cbec1f56da4691882bc7dbe52593dc597fc62f6ae925c0f6ac72f1c6b,True,FORBIDDEN,0901433cbfe906073eae45118a1466e03afab04a766a3061a988ffe089ba4e01,9548a24a4faf5db17b5251df407b4402de033ae8648ec321c850fe6105002cf1,8128818d8ea8f5c3517d04da28955f010269df61e756429957a0a032386f6c51
fixture-bank-13:0:source-b:fixture-bank-13:p0007,source-b,fixture-bank-13,source-b:fixture-bank-13:p0007,0,2,1,fixture-bank-12,b7f843a06837844b0bb5db3ea7272ffa17344e24c9923c48546d94664576548f,fixture-base-13,1,csi-pairs-v6-software-fixture,ded1ec639ff3e6fd5eba769d42db1ed36222a48af333a30a670254b30b164b74,620f300cbec1f56da4691882bc7dbe52593dc597fc62f6ae925c0f6ac72f1c6b,True,FORBIDDEN,0901433cbfe906073eae45118a1466e03afab04a766a3061a988ffe089ba4e01,9548a24a4faf5db17b5251df407b4402de033ae8648ec321c850fe6105002cf1,8128818d8ea8f5c3517d04da28955f010269df61e756429957a0a032386f6c51
fixture-bank-13:1:source-b:fixture-bank-13:p0000,source-b,fixture-bank-13,source-b:fixture-bank-13:p0000,1,0,3,fixture-bank-12,62834c8631a5d6a00fc8c49a1380a9336e2622c0eb5a0708a6fb2c73c8f34f25,fixture-base-13,1,csi-pairs-v6-software-fixture,ded1ec639ff3e6fd5eba769d42db1ed36222a48af333a30a670254b30b164b74,620f300cbec1f56da4691882bc7dbe52593dc597fc62f6ae925c0f6ac72f1c6b,True,FORBIDDEN,0901433cbfe906073eae45118a1466e03afab04a766a3061a988ffe089ba4e01,9548a24a4faf5db17b5251df407b4402de033ae8648ec321c850fe6105002cf1,8128818d8ea8f5c3517d04da28955f010269df61e756429957a0a032386f6c51
fixture-bank-13:1:source-b:fixture-bank-13:p0001,source-b,fixture-bank-13,source-b:fixture-bank-13:p0001,1,0,3,fixture-bank-12,6efddeb0b09c4c795b2521f0f3149380e068653c650dc226ef554b95fcf7fd4c,fixture-base-13,1,csi-pairs-v6-software-fixture,ded1ec639ff3e6fd5eba769d42db1ed36222a48af333a30a670254b30b164b74,620f300cbec1f56da4691882bc7dbe52593dc597fc62f6ae925c0f6ac72f1c6b,True,FORBIDDEN,0901433cbfe906073eae45118a1466e03afab04a766a3061a988ffe089ba4e01,9548a24a4faf5db17b5251df407b4402de033ae8648ec321c850fe6105002cf1,8128818d8ea8f5c3517d04da28955f010269df61e756429957a0a032386f6c51
fixture-bank-13:1:source-b:fixture-bank-13:p0003,source-b,fixture-bank-13,source-b:fixture-bank-13:p0003,1,3,0,fixture-bank-12,5368ead5eb24d71665f9f7eb19af1099c2f02c9af5bcf0b90d8c2e9f6239a3ab,fixture-base-13,1,csi-pairs-v6-software-fixture,ded1ec639ff3e6fd5eba769d42db1ed36222a48af333a30a670254b30b164b74,620f300cbec1f56da4691882bc7dbe52593dc597fc62f6ae925c0f6ac72f1c6b,True,FORBIDDEN,0901433cbfe906073eae45118a1466e03afab04a766a3061a988ffe089ba4e01,9548a24a4faf5db17b5251df407b4402de033ae8648ec321c850fe6105002cf1,8128818d8ea8f5c3517d04da28955f010269df61e756429957a0a032386f6c51
fixture-bank-13:1:source-b:fixture-bank-13:p0005,source-b,fixture-bank-13,source-b:fixture-bank-13:p0005,1,0,3,fixture-bank-12,094f7f24be427dfa9cd516f4b2791bb16c0f0ec5407410bd64d4b517d2bbad65,fixture-base-13,1,csi-pairs-v6-software-fixture,ded1ec639ff3e6fd5eba769d42db1ed36222a48af333a30a670254b30b164b74,620f300cbec1f56da4691882bc7dbe52593dc597fc62f6ae925c0f6ac72f1c6b,True,FORBIDDEN,0901433cbfe906073eae45118a1466e03afab04a766a3061a988ffe089ba4e01,9548a24a4faf5db17b5251df407b4402de033ae8648ec321c850fe6105002cf1,8128818d8ea8f5c3517d04da28955f010269df61e756429957a0a032386f6c51
fixture-bank-13:1:source-b:fixture-bank-13:p0006,source-b,fixture-bank-13,source-b:fixture-bank-13:p0006,1,3,0,fixture-bank-12,26b9d86f48d5a2f362f70ed9d51fb0ad3aae30591059a8d72a8517e3d4831213,fixture-base-13,1,csi-pairs-v6-software-fixture,ded1ec639ff3e6fd5eba769d42db1ed36222a48af333a30a670254b30b164b74,620f300cbec1f56da4691882bc7dbe52593dc597fc62f6ae925c0f6ac72f1c6b,True,FORBIDDEN,0901433cbfe906073eae45118a1466e03afab04a766a3061a988ffe089ba4e01,9548a24a4faf5db17b5251df407b4402de033ae8648ec321c850fe6105002cf1,8128818d8ea8f5c3517d04da28955f010269df61e756429957a0a032386f6c51
fixture-bank-13:1:source-b:fixture-bank-13:p0007,source-b,fixture-bank-13,source-b:fixture-bank-13:p0007,1,3,0,fixture-bank-12,ace291781a8c7308d3a88252ceffc6391573451821727fde894fcdf005f8b900,fixture-base-13,1,csi-pairs-v6-software-fixture,ded1ec639ff3e6fd5eba769d42db1ed36222a48af333a30a670254b30b164b74,620f300cbec1f56da4691882bc7dbe52593dc597fc62f6ae925c0f6ac72f1c6b,True,FORBIDDEN,0901433cbfe906073eae45118a1466e03afab04a766a3061a988ffe089ba4e01,9548a24a4faf5db17b5251df407b4402de033ae8648ec321c850fe6105002cf1,8128818d8ea8f5c3517d04da28955f010269df61e756429957a0a032386f6c51
fixture-bank-13:2:source-b:fixture-bank-13:p0000,source-b,fixture-bank-13,source-b:fixture-bank-13:p0000,2,3,0,fixture-bank-12,a0734cf93d908f661885862fe05fa47ec610d0f02882a3d14fac85c955e7cc23,fixture-base-13,1,csi-pairs-v6-software-fixture,ded1ec639ff3e6fd5eba769d42db1ed36222a48af333a30a670254b30b164b74,620f300cbec1f56da4691882bc7dbe52593dc597fc62f6ae925c0f6ac72f1c6b,True,FORBIDDEN,0901433cbfe906073eae45118a1466e03afab04a766a3061a988ffe089ba4e01,9548a24a4faf5db17b5251df407b4402de033ae8648ec321c850fe6105002cf1,8128818d8ea8f5c3517d04da28955f010269df61e756429957a0a032386f6c51
fixture-bank-13:2:source-b:fixture-bank-13:p0001,source-b,fixture-bank-13,source-b:fixture-bank-13:p0001,2,3,0,fixture-bank-12,dd125d19bb951e58cca41e945f1157150b07fb5e5f05d277a75954ba5875f494,fixture-base-13,1,csi-pairs-v6-software-fixture,ded1ec639ff3e6fd5eba769d42db1ed36222a48af333a30a670254b30b164b74,620f300cbec1f56da4691882bc7dbe52593dc597fc62f6ae925c0f6ac72f1c6b,True,FORBIDDEN,0901433cbfe906073eae45118a1466e03afab04a766a3061a988ffe089ba4e01,9548a24a4faf5db17b5251df407b4402de033ae8648ec321c850fe6105002cf1,8128818d8ea8f5c3517d04da28955f010269df61e756429957a0a032386f6c51
fixture-bank-13:2:source-b:fixture-bank-13:p0003,source-b,fixture-bank-13,source-b:fixture-bank-13:p0003,2,0,3,fixture-bank-12,05cc771e6afca109f5d2c35f3a40e53d50ee00651179a1b764713af70c9e5478,fixture-base-13,1,csi-pairs-v6-software-fixture,ded1ec639ff3e6fd5eba769d42db1ed36222a48af333a30a670254b30b164b74,620f300cbec1f56da4691882bc7dbe52593dc597fc62f6ae925c0f6ac72f1c6b,True,FORBIDDEN,0901433cbfe906073eae45118a1466e03afab04a766a3061a988ffe089ba4e01,9548a24a4faf5db17b5251df407b4402de033ae8648ec321c850fe6105002cf1,8128818d8ea8f5c3517d04da28955f010269df61e756429957a0a032386f6c51
fixture-bank-13:2:source-b:fixture-bank-13:p0005,source-b,fixture-bank-13,source-b:fixture-bank-13:p0005,2,3,0,fixture-bank-12,7eb47e7965a75aa0bcc24ac320031df425ad4fd68a997bac7eed8315603bcb32,fixture-base-13,1,csi-pairs-v6-software-fixture,ded1ec639ff3e6fd5eba769d42db1ed36222a48af333a30a670254b30b164b74,620f300cbec1f56da4691882bc7dbe52593dc597fc62f6ae925c0f6ac72f1c6b,True,FORBIDDEN,0901433cbfe906073eae45118a1466e03afab04a766a3061a988ffe089ba4e01,9548a24a4faf5db17b5251df407b4402de033ae8648ec321c850fe6105002cf1,8128818d8ea8f5c3517d04da28955f010269df61e756429957a0a032386f6c51
fixture-bank-13:2:source-b:fixture-bank-13:p0006,source-b,fixture-bank-13,source-b:fixture-bank-13:p0006,2,0,3,fixture-bank-12,09f2e8b008313e171ef237cba3cbd7227bd4b33278bd9cf3086dee98f99a49a4,fixture-base-13,1,csi-pairs-v6-software-fixture,ded1ec639ff3e6fd5eba769d42db1ed36222a48af333a30a670254b30b164b74,620f300cbec1f56da4691882bc7dbe52593dc597fc62f6ae925c0f6ac72f1c6b,True,FORBIDDEN,0901433cbfe906073eae45118a1466e03afab04a766a3061a988ffe089ba4e01,9548a24a4faf5db17b5251df407b4402de033ae8648ec321c850fe6105002cf1,8128818d8ea8f5c3517d04da28955f010269df61e756429957a0a032386f6c51
fixture-bank-13:2:source-b:fixture-bank-13:p0007,source-b,fixture-bank-13,source-b:fixture-bank-13:p0007,2,0,3,fixture-bank-12,478bc4ea6d57ccc03fcae5a1bc9fe6dbef7dfa5103d04c84d025c6113d2cd177,fixture-base-13,1,csi-pairs-v6-software-fixture,ded1ec639ff3e6fd5eba769d42db1ed36222a48af333a30a670254b30b164b74,620f300cbec1f56da4691882bc7dbe52593dc597fc62f6ae925c0f6ac72f1c6b,True,FORBIDDEN,0901433cbfe906073eae45118a1466e03afab04a766a3061a988ffe089ba4e01,9548a24a4faf5db17b5251df407b4402de033ae8648ec321c850fe6105002cf1,8128818d8ea8f5c3517d04da28955f010269df61e756429957a0a032386f6c51
fixture-bank-13:3:source-b:fixture-bank-13:p0000,source-b,fixture-bank-13,source-b:fixture-bank-13:p0000,3,2,1,fixture-bank-12,40e4e407a3871692c42b67fa88d296a87f4bb393b1066356335b1c6d2bf5c106,fixture-base-13,1,csi-pairs-v6-software-fixture,ded1ec639ff3e6fd5eba769d42db1ed36222a48af333a30a670254b30b164b74,620f300cbec1f56da4691882bc7dbe52593dc597fc62f6ae925c0f6ac72f1c6b,True,FORBIDDEN,0901433cbfe906073eae45118a1466e03afab04a766a3061a988ffe089ba4e01,9548a24a4faf5db17b5251df407b4402de033ae8648ec321c850fe6105002cf1,8128818d8ea8f5c3517d04da28955f010269df61e756429957a0a032386f6c51
fixture-bank-13:3:source-b:fixture-bank-13:p0001,source-b,fixture-bank-13,source-b:fixture-bank-13:p0001,3,2,1,fixture-bank-12,ca3cb165216ca5adc6a6534a1ba142f78a600467c2254af194d14255abeb9381,fixture-base-13,1,csi-pairs-v6-software-fixture,ded1ec639ff3e6fd5eba769d42db1ed36222a48af333a30a670254b30b164b74,620f300cbec1f56da4691882bc7dbe52593dc597fc62f6ae925c0f6ac72f1c6b,True,FORBIDDEN,0901433cbfe906073eae45118a1466e03afab04a766a3061a988ffe089ba4e01,9548a24a4faf5db17b5251df407b4402de033ae8648ec321c850fe6105002cf1,8128818d8ea8f5c3517d04da28955f010269df61e756429957a0a032386f6c51
fixture-bank-13:3:source-b:fixture-bank-13:p0003,source-b,fixture-bank-13,source-b:fixture-bank-13:p0003,3,1,2,fixture-bank-12,36e61731338c5ace236f37679f30f0770a1f1bcb37890a26103afce1bb6920bc,fixture-base-13,1,csi-pairs-v6-software-fixture,ded1ec639ff3e6fd5eba769d42db1ed36222a48af333a30a670254b30b164b74,620f300cbec1f56da4691882bc7dbe52593dc597fc62f6ae925c0f6ac72f1c6b,True,FORBIDDEN,0901433cbfe906073eae45118a1466e03afab04a766a3061a988ffe089ba4e01,9548a24a4faf5db17b5251df407b4402de033ae8648ec321c850fe6105002cf1,8128818d8ea8f5c3517d04da28955f010269df61e756429957a0a032386f6c51
fixture-bank-13:3:source-b:fixture-bank-13:p0005,source-b,fixture-bank-13,source-b:fixture-bank-13:p0005,3,2,1,fixture-bank-12,3a6451c13bba20ff0e4a3b5c7f8271c0e54eb19ca164d39624f9e3492b8f6113,fixture-base-13,1,csi-pairs-v6-software-fixture,ded1ec639ff3e6fd5eba769d42db1ed36222a48af333a30a670254b30b164b74,620f300cbec1f56da4691882bc7dbe52593dc597fc62f6ae925c0f6ac72f1c6b,True,FORBIDDEN,0901433cbfe906073eae45118a1466e03afab04a766a3061a988ffe089ba4e01,9548a24a4faf5db17b5251df407b4402de033ae8648ec321c850fe6105002cf1,8128818d8ea8f5c3517d04da28955f010269df61e756429957a0a032386f6c51
fixture-bank-13:3:source-b:fixture-bank-13:p0006,source-b,fixture-bank-13,source-b:fixture-bank-13:p0006,3,1,2,fixture-bank-12,51eb42d4d5c5cb641a8610c9578e9964a5dce1854fb6485deae4561cebfb7200,fixture-base-13,1,csi-pairs-v6-software-fixture,ded1ec639ff3e6fd5eba769d42db1ed36222a48af333a30a670254b30b164b74,620f300cbec1f56da4691882bc7dbe52593dc597fc62f6ae925c0f6ac72f1c6b,True,FORBIDDEN,0901433cbfe906073eae45118a1466e03afab04a766a3061a988ffe089ba4e01,9548a24a4faf5db17b5251df407b4402de033ae8648ec321c850fe6105002cf1,8128818d8ea8f5c3517d04da28955f010269df61e756429957a0a032386f6c51
fixture-bank-13:3:source-b:fixture-bank-13:p0007,source-b,fixture-bank-13,source-b:fixture-bank-13:p0007,3,1,2,fixture-bank-12,37cebf427e1559860e421cb4c8da54da14bb5a4b1b72add4fd6d4c5078c4cfc0,fixture-base-13,1,csi-pairs-v6-software-fixture,ded1ec639ff3e6fd5eba769d42db1ed36222a48af333a30a670254b30b164b74,620f300cbec1f56da4691882bc7dbe52593dc597fc62f6ae925c0f6ac72f1c6b,True,FORBIDDEN,0901433cbfe906073eae45118a1466e03afab04a766a3061a988ffe089ba4e01,9548a24a4faf5db17b5251df407b4402de033ae8648ec321c850fe6105002cf1,8128818d8ea8f5c3517d04da28955f010269df61e756429957a0a032386f6c51
fixture-bank-14:0:target-a:fixture-bank-14:p0006,target-a,fixture-bank-14,target-a:fixture-bank-14:p0006,0,1,2,fixture-bank-12,b93c967678bae783fd0fc75fd4270324e6bd1b76727edcb081c4560b383ce51a,fixture-base-14,1,csi-pairs-v6-software-fixture,ded1ec639ff3e6fd5eba769d42db1ed36222a48af333a30a670254b30b164b74,620f300cbec1f56da4691882bc7dbe52593dc597fc62f6ae925c0f6ac72f1c6b,True,FORBIDDEN,0901433cbfe906073eae45118a1466e03afab04a766a3061a988ffe089ba4e01,9548a24a4faf5db17b5251df407b4402de033ae8648ec321c850fe6105002cf1,8128818d8ea8f5c3517d04da28955f010269df61e756429957a0a032386f6c51
fixture-bank-14:0:target-a:fixture-bank-14:p0007,target-a,fixture-bank-14,target-a:fixture-bank-14:p0007,0,1,2,fixture-bank-12,f129b1ba9bb448587d0fb2d511ffaa4fbad1fe98ac1f273c4755c7e9d3bde9c1,fixture-base-14,1,csi-pairs-v6-software-fixture,ded1ec639ff3e6fd5eba769d42db1ed36222a48af333a30a670254b30b164b74,620f300cbec1f56da4691882bc7dbe52593dc597fc62f6ae925c0f6ac72f1c6b,True,FORBIDDEN,0901433cbfe906073eae45118a1466e03afab04a766a3061a988ffe089ba4e01,9548a24a4faf5db17b5251df407b4402de033ae8648ec321c850fe6105002cf1,8128818d8ea8f5c3517d04da28955f010269df61e756429957a0a032386f6c51
fixture-bank-14:1:target-a:fixture-bank-14:p0006,target-a,fixture-bank-14,target-a:fixture-bank-14:p0006,1,0,3,fixture-bank-12,42a7200ac537e7c39476973eb58531bbc0638b0115590519f3ca8a83cb481446,fixture-base-14,1,csi-pairs-v6-software-fixture,ded1ec639ff3e6fd5eba769d42db1ed36222a48af333a30a670254b30b164b74,620f300cbec1f56da4691882bc7dbe52593dc597fc62f6ae925c0f6ac72f1c6b,True,FORBIDDEN,0901433cbfe906073eae45118a1466e03afab04a766a3061a988ffe089ba4e01,9548a24a4faf5db17b5251df407b4402de033ae8648ec321c850fe6105002cf1,8128818d8ea8f5c3517d04da28955f010269df61e756429957a0a032386f6c51
fixture-bank-14:1:target-a:fixture-bank-14:p0007,target-a,fixture-bank-14,target-a:fixture-bank-14:p0007,1,0,3,fixture-bank-12,d1bb1c02f8b8263e58ef66788b74997a767c7eb2bf44b269e63332440ca991fd,fixture-base-14,1,csi-pairs-v6-software-fixture,ded1ec639ff3e6fd5eba769d42db1ed36222a48af333a30a670254b30b164b74,620f300cbec1f56da4691882bc7dbe52593dc597fc62f6ae925c0f6ac72f1c6b,True,FORBIDDEN,0901433cbfe906073eae45118a1466e03afab04a766a3061a988ffe089ba4e01,9548a24a4faf5db17b5251df407b4402de033ae8648ec321c850fe6105002cf1,8128818d8ea8f5c3517d04da28955f010269df61e756429957a0a032386f6c51
fixture-bank-14:2:target-a:fixture-bank-14:p0006,target-a,fixture-bank-14,target-a:fixture-bank-14:p0006,2,3,0,fixture-bank-12,ad6bea69628ad677075c2107e4748cc7bdf51728220156d5d735b9489296ac49,fixture-base-14,1,csi-pairs-v6-software-fixture,ded1ec639ff3e6fd5eba769d42db1ed36222a48af333a30a670254b30b164b74,620f300cbec1f56da4691882bc7dbe52593dc597fc62f6ae925c0f6ac72f1c6b,True,FORBIDDEN,0901433cbfe906073eae45118a1466e03afab04a766a3061a988ffe089ba4e01,9548a24a4faf5db17b5251df407b4402de033ae8648ec321c850fe6105002cf1,8128818d8ea8f5c3517d04da28955f010269df61e756429957a0a032386f6c51
fixture-bank-14:2:target-a:fixture-bank-14:p0007,target-a,fixture-bank-14,target-a:fixture-bank-14:p0007,2,3,0,fixture-bank-12,966ec937b57abcfa4f46cc0ef5f29d3a92b02f09c16b20d834d8a23000d0000b,fixture-base-14,1,csi-pairs-v6-software-fixture,ded1ec639ff3e6fd5eba769d42db1ed36222a48af333a30a670254b30b164b74,620f300cbec1f56da4691882bc7dbe52593dc597fc62f6ae925c0f6ac72f1c6b,True,FORBIDDEN,0901433cbfe906073eae45118a1466e03afab04a766a3061a988ffe089ba4e01,9548a24a4faf5db17b5251df407b4402de033ae8648ec321c850fe6105002cf1,8128818d8ea8f5c3517d04da28955f010269df61e756429957a0a032386f6c51
fixture-bank-14:3:target-a:fixture-bank-14:p0006,target-a,fixture-bank-14,target-a:fixture-bank-14:p0006,3,2,1,fixture-bank-12,f1298dda414e46bdae5e5dd2e7d35befadeb425e0f451bd0610536547a33e795,fixture-base-14,1,csi-pairs-v6-software-fixture,ded1ec639ff3e6fd5eba769d42db1ed36222a48af333a30a670254b30b164b74,620f300cbec1f56da4691882bc7dbe52593dc597fc62f6ae925c0f6ac72f1c6b,True,FORBIDDEN,0901433cbfe906073eae45118a1466e03afab04a766a3061a988ffe089ba4e01,9548a24a4faf5db17b5251df407b4402de033ae8648ec321c850fe6105002cf1,8128818d8ea8f5c3517d04da28955f010269df61e756429957a0a032386f6c51
fixture-bank-14:3:target-a:fixture-bank-14:p0007,target-a,fixture-bank-14,target-a:fixture-bank-14:p0007,3,2,1,fixture-bank-12,9dd2f92f99ef0a7b2432b2d5b047dad14150a3c5c60b9745e33f4497634cc06f,fixture-base-14,1,csi-pairs-v6-software-fixture,ded1ec639ff3e6fd5eba769d42db1ed36222a48af333a30a670254b30b164b74,620f300cbec1f56da4691882bc7dbe52593dc597fc62f6ae925c0f6ac72f1c6b,True,FORBIDDEN,0901433cbfe906073eae45118a1466e03afab04a766a3061a988ffe089ba4e01,9548a24a4faf5db17b5251df407b4402de033ae8648ec321c850fe6105002cf1,8128818d8ea8f5c3517d04da28955f010269df61e756429957a0a032386f6c51
fixture-bank-15:0:target-b:fixture-bank-15:p0004,target-b,fixture-bank-15,target-b:fixture-bank-15:p0004,0,1,2,fixture-bank-12,663c5868a117669131670ff0ee4381427e1381141882f40d967ecaeddadc73f0,fixture-base-15,1,csi-pairs-v6-software-fixture,ded1ec639ff3e6fd5eba769d42db1ed36222a48af333a30a670254b30b164b74,620f300cbec1f56da4691882bc7dbe52593dc597fc62f6ae925c0f6ac72f1c6b,True,FORBIDDEN,0901433cbfe906073eae45118a1466e03afab04a766a3061a988ffe089ba4e01,9548a24a4faf5db17b5251df407b4402de033ae8648ec321c850fe6105002cf1,8128818d8ea8f5c3517d04da28955f010269df61e756429957a0a032386f6c51
fixture-bank-15:0:target-b:fixture-bank-15:p0005,target-b,fixture-bank-15,target-b:fixture-bank-15:p0005,0,1,2,fixture-bank-12,77e9b6ce0b137bcb65a4311e599bec6300f249e3b68cc6746aa93fa0c212951b,fixture-base-15,1,csi-pairs-v6-software-fixture,ded1ec639ff3e6fd5eba769d42db1ed36222a48af333a30a670254b30b164b74,620f300cbec1f56da4691882bc7dbe52593dc597fc62f6ae925c0f6ac72f1c6b,True,FORBIDDEN,0901433cbfe906073eae45118a1466e03afab04a766a3061a988ffe089ba4e01,9548a24a4faf5db17b5251df407b4402de033ae8648ec321c850fe6105002cf1,8128818d8ea8f5c3517d04da28955f010269df61e756429957a0a032386f6c51
fixture-bank-15:0:target-b:fixture-bank-15:p0006,target-b,fixture-bank-15,target-b:fixture-bank-15:p0006,0,2,1,fixture-bank-12,a892306e1557858f5749e6b1dca5422cd638528f96d369100a6b1c168169b955,fixture-base-15,1,csi-pairs-v6-software-fixture,ded1ec639ff3e6fd5eba769d42db1ed36222a48af333a30a670254b30b164b74,620f300cbec1f56da4691882bc7dbe52593dc597fc62f6ae925c0f6ac72f1c6b,True,FORBIDDEN,0901433cbfe906073eae45118a1466e03afab04a766a3061a988ffe089ba4e01,9548a24a4faf5db17b5251df407b4402de033ae8648ec321c850fe6105002cf1,8128818d8ea8f5c3517d04da28955f010269df61e756429957a0a032386f6c51
fixture-bank-15:0:target-b:fixture-bank-15:p0007,target-b,fixture-bank-15,target-b:fixture-bank-15:p0007,0,2,1,fixture-bank-12,0b99cfd3660c8b3b8ed45b0cb17177bbdf752b43798961cd4b44ec9638efe923,fixture-base-15,1,csi-pairs-v6-software-fixture,ded1ec639ff3e6fd5eba769d42db1ed36222a48af333a30a670254b30b164b74,620f300cbec1f56da4691882bc7dbe52593dc597fc62f6ae925c0f6ac72f1c6b,True,FORBIDDEN,0901433cbfe906073eae45118a1466e03afab04a766a3061a988ffe089ba4e01,9548a24a4faf5db17b5251df407b4402de033ae8648ec321c850fe6105002cf1,8128818d8ea8f5c3517d04da28955f010269df61e756429957a0a032386f6c51
fixture-bank-15:1:target-b:fixture-bank-15:p0004,target-b,fixture-bank-15,target-b:fixture-bank-15:p0004,1,0,3,fixture-bank-12,e88e01a3fab18b9e364a2c39801633451610e6a5353e036971f7d4ac07599126,fixture-base-15,1,csi-pairs-v6-software-fixture,ded1ec639ff3e6fd5eba769d42db1ed36222a48af333a30a670254b30b164b74,620f300cbec1f56da4691882bc7dbe52593dc597fc62f6ae925c0f6ac72f1c6b,True,FORBIDDEN,0901433cbfe906073eae45118a1466e03afab04a766a3061a988ffe089ba4e01,9548a24a4faf5db17b5251df407b4402de033ae8648ec321c850fe6105002cf1,8128818d8ea8f5c3517d04da28955f010269df61e756429957a0a032386f6c51
fixture-bank-15:1:target-b:fixture-bank-15:p0005,target-b,fixture-bank-15,target-b:fixture-bank-15:p0005,1,0,3,fixture-bank-12,e6ca2aa873ad78c259c1cf8a544355628bc3c1e8043e890b3c3f6c12cf474f7e,fixture-base-15,1,csi-pairs-v6-software-fixture,ded1ec639ff3e6fd5eba769d42db1ed36222a48af333a30a670254b30b164b74,620f300cbec1f56da4691882bc7dbe52593dc597fc62f6ae925c0f6ac72f1c6b,True,FORBIDDEN,0901433cbfe906073eae45118a1466e03afab04a766a3061a988ffe089ba4e01,9548a24a4faf5db17b5251df407b4402de033ae8648ec321c850fe6105002cf1,8128818d8ea8f5c3517d04da28955f010269df61e756429957a0a032386f6c51
fixture-bank-15:1:target-b:fixture-bank-15:p0006,target-b,fixture-bank-15,target-b:fixture-bank-15:p0006,1,3,0,fixture-bank-12,73bdc5662b7cc38cf69d06eb674bbb8a4ba0ac52749964a4f2a493513cc80a83,fixture-base-15,1,csi-pairs-v6-software-fixture,ded1ec639ff3e6fd5eba769d42db1ed36222a48af333a30a670254b30b164b74,620f300cbec1f56da4691882bc7dbe52593dc597fc62f6ae925c0f6ac72f1c6b,True,FORBIDDEN,0901433cbfe906073eae45118a1466e03afab04a766a3061a988ffe089ba4e01,9548a24a4faf5db17b5251df407b4402de033ae8648ec321c850fe6105002cf1,8128818d8ea8f5c3517d04da28955f010269df61e756429957a0a032386f6c51
fixture-bank-15:1:target-b:fixture-bank-15:p0007,target-b,fixture-bank-15,target-b:fixture-bank-15:p0007,1,3,0,fixture-bank-12,b7ad5bf20ec4507a7561b8f2df01e27fd95c3aa5e5e2bc469a5d7d35db80b948,fixture-base-15,1,csi-pairs-v6-software-fixture,ded1ec639ff3e6fd5eba769d42db1ed36222a48af333a30a670254b30b164b74,620f300cbec1f56da4691882bc7dbe52593dc597fc62f6ae925c0f6ac72f1c6b,True,FORBIDDEN,0901433cbfe906073eae45118a1466e03afab04a766a3061a988ffe089ba4e01,9548a24a4faf5db17b5251df407b4402de033ae8648ec321c850fe6105002cf1,8128818d8ea8f5c3517d04da28955f010269df61e756429957a0a032386f6c51
fixture-bank-15:2:target-b:fixture-bank-15:p0004,target-b,fixture-bank-15,target-b:fixture-bank-15:p0004,2,3,0,fixture-bank-12,12aa566cad675a72a5f4d493afc9cda446bc105328c95cc293af547186ed6f15,fixture-base-15,1,csi-pairs-v6-software-fixture,ded1ec639ff3e6fd5eba769d42db1ed36222a48af333a30a670254b30b164b74,620f300cbec1f56da4691882bc7dbe52593dc597fc62f6ae925c0f6ac72f1c6b,True,FORBIDDEN,0901433cbfe906073eae45118a1466e03afab04a766a3061a988ffe089ba4e01,9548a24a4faf5db17b5251df407b4402de033ae8648ec321c850fe6105002cf1,8128818d8ea8f5c3517d04da28955f010269df61e756429957a0a032386f6c51
fixture-bank-15:2:target-b:fixture-bank-15:p0005,target-b,fixture-bank-15,target-b:fixture-bank-15:p0005,2,3,0,fixture-bank-12,39c090dfdac50509bf0af766930de60e045a157c6052ee3157bc229319171737,fixture-base-15,1,csi-pairs-v6-software-fixture,ded1ec639ff3e6fd5eba769d42db1ed36222a48af333a30a670254b30b164b74,620f300cbec1f56da4691882bc7dbe52593dc597fc62f6ae925c0f6ac72f1c6b,True,FORBIDDEN,0901433cbfe906073eae45118a1466e03afab04a766a3061a988ffe089ba4e01,9548a24a4faf5db17b5251df407b4402de033ae8648ec321c850fe6105002cf1,8128818d8ea8f5c3517d04da28955f010269df61e756429957a0a032386f6c51
fixture-bank-15:2:target-b:fixture-bank-15:p0006,target-b,fixture-bank-15,target-b:fixture-bank-15:p0006,2,0,3,fixture-bank-12,254398f0149fb220da4a475ecd459f8705a90724726c2465d6d8186ca2784c0f,fixture-base-15,1,csi-pairs-v6-software-fixture,ded1ec639ff3e6fd5eba769d42db1ed36222a48af333a30a670254b30b164b74,620f300cbec1f56da4691882bc7dbe52593dc597fc62f6ae925c0f6ac72f1c6b,True,FORBIDDEN,0901433cbfe906073eae45118a1466e03afab04a766a3061a988ffe089ba4e01,9548a24a4faf5db17b5251df407b4402de033ae8648ec321c850fe6105002cf1,8128818d8ea8f5c3517d04da28955f010269df61e756429957a0a032386f6c51
fixture-bank-15:2:target-b:fixture-bank-15:p0007,target-b,fixture-bank-15,target-b:fixture-bank-15:p0007,2,0,3,fixture-bank-12,264273511830fbdcf09adf2e3c439886b0201e3576786f420acb5f6f9c3d6ade,fixture-base-15,1,csi-pairs-v6-software-fixture,ded1ec639ff3e6fd5eba769d42db1ed36222a48af333a30a670254b30b164b74,620f300cbec1f56da4691882bc7dbe52593dc597fc62f6ae925c0f6ac72f1c6b,True,FORBIDDEN,0901433cbfe906073eae45118a1466e03afab04a766a3061a988ffe089ba4e01,9548a24a4faf5db17b5251df407b4402de033ae8648ec321c850fe6105002cf1,8128818d8ea8f5c3517d04da28955f010269df61e756429957a0a032386f6c51
fixture-bank-15:3:target-b:fixture-bank-15:p0004,target-b,fixture-bank-15,target-b:fixture-bank-15:p0004,3,2,1,fixture-bank-12,3f5d719efedb25f48843cb87df5d245bb71954e60f81838f2ac43cc4a6d414a1,fixture-base-15,1,csi-pairs-v6-software-fixture,ded1ec639ff3e6fd5eba769d42db1ed36222a48af333a30a670254b30b164b74,620f300cbec1f56da4691882bc7dbe52593dc597fc62f6ae925c0f6ac72f1c6b,True,FORBIDDEN,0901433cbfe906073eae45118a1466e03afab04a766a3061a988ffe089ba4e01,9548a24a4faf5db17b5251df407b4402de033ae8648ec321c850fe6105002cf1,8128818d8ea8f5c3517d04da28955f010269df61e756429957a0a032386f6c51
fixture-bank-15:3:target-b:fixture-bank-15:p0005,target-b,fixture-bank-15,target-b:fixture-bank-15:p0005,3,2,1,fixture-bank-12,d3d41652757c43f7830ce09c083f6cd994639f9f152537886b1423f9604ad279,fixture-base-15,1,csi-pairs-v6-software-fixture,ded1ec639ff3e6fd5eba769d42db1ed36222a48af333a30a670254b30b164b74,620f300cbec1f56da4691882bc7dbe52593dc597fc62f6ae925c0f6ac72f1c6b,True,FORBIDDEN,0901433cbfe906073eae45118a1466e03afab04a766a3061a988ffe089ba4e01,9548a24a4faf5db17b5251df407b4402de033ae8648ec321c850fe6105002cf1,8128818d8ea8f5c3517d04da28955f010269df61e756429957a0a032386f6c51
fixture-bank-15:3:target-b:fixture-bank-15:p0006,target-b,fixture-bank-15,target-b:fixture-bank-15:p0006,3,1,2,fixture-bank-12,29b225f2ebca8cbe31e56b3bc4a00f73dc90fb2dc66d1a15094b36b1ec47dac4,fixture-base-15,1,csi-pairs-v6-software-fixture,ded1ec639ff3e6fd5eba769d42db1ed36222a48af333a30a670254b30b164b74,620f300cbec1f56da4691882bc7dbe52593dc597fc62f6ae925c0f6ac72f1c6b,True,FORBIDDEN,0901433cbfe906073eae45118a1466e03afab04a766a3061a988ffe089ba4e01,9548a24a4faf5db17b5251df407b4402de033ae8648ec321c850fe6105002cf1,8128818d8ea8f5c3517d04da28955f010269df61e756429957a0a032386f6c51
fixture-bank-15:3:target-b:fixture-bank-15:p0007,target-b,fixture-bank-15,target-b:fixture-bank-15:p0007,3,1,2,fixture-bank-12,7d4f5fde9650e3edf5e04f322048e711f36aa1a446185110e4a1806c68881371,fixture-base-15,1,csi-pairs-v6-software-fixture,ded1ec639ff3e6fd5eba769d42db1ed36222a48af333a30a670254b30b164b74,620f300cbec1f56da4691882bc7dbe52593dc597fc62f6ae925c0f6ac72f1c6b,True,FORBIDDEN,0901433cbfe906073eae45118a1466e03afab04a766a3061a988ffe089ba4e01,9548a24a4faf5db17b5251df407b4402de033ae8648ec321c850fe6105002cf1,8128818d8ea8f5c3517d04da28955f010269df61e756429957a0a032386f6c51
fixture-bank-16:0:target-a:fixture-bank-16:p0006,target-a,fixture-bank-16,target-a:fixture-bank-16:p0006,0,1,2,fixture-bank-12,78ab64062c20cf10b2a5f75cda0b04350102f41313147336b68a627fc55c7f36,fixture-base-16,1,csi-pairs-v6-software-fixture,ded1ec639ff3e6fd5eba769d42db1ed36222a48af333a30a670254b30b164b74,620f300cbec1f56da4691882bc7dbe52593dc597fc62f6ae925c0f6ac72f1c6b,True,FORBIDDEN,0901433cbfe906073eae45118a1466e03afab04a766a3061a988ffe089ba4e01,9548a24a4faf5db17b5251df407b4402de033ae8648ec321c850fe6105002cf1,8128818d8ea8f5c3517d04da28955f010269df61e756429957a0a032386f6c51
fixture-bank-16:0:target-a:fixture-bank-16:p0007,target-a,fixture-bank-16,target-a:fixture-bank-16:p0007,0,1,2,fixture-bank-12,96c5404577ad9059991a0639ab8697f8faa697e9b78672512b60b05154658bac,fixture-base-16,1,csi-pairs-v6-software-fixture,ded1ec639ff3e6fd5eba769d42db1ed36222a48af333a30a670254b30b164b74,620f300cbec1f56da4691882bc7dbe52593dc597fc62f6ae925c0f6ac72f1c6b,True,FORBIDDEN,0901433cbfe906073eae45118a1466e03afab04a766a3061a988ffe089ba4e01,9548a24a4faf5db17b5251df407b4402de033ae8648ec321c850fe6105002cf1,8128818d8ea8f5c3517d04da28955f010269df61e756429957a0a032386f6c51
fixture-bank-16:1:target-a:fixture-bank-16:p0006,target-a,fixture-bank-16,target-a:fixture-bank-16:p0006,1,0,3,fixture-bank-12,f0a1631e0755c1493e1be4c04a5c2ba4f3da61e2fd203ef00f6f71362f57c793,fixture-base-16,1,csi-pairs-v6-software-fixture,ded1ec639ff3e6fd5eba769d42db1ed36222a48af333a30a670254b30b164b74,620f300cbec1f56da4691882bc7dbe52593dc597fc62f6ae925c0f6ac72f1c6b,True,FORBIDDEN,0901433cbfe906073eae45118a1466e03afab04a766a3061a988ffe089ba4e01,9548a24a4faf5db17b5251df407b4402de033ae8648ec321c850fe6105002cf1,8128818d8ea8f5c3517d04da28955f010269df61e756429957a0a032386f6c51
fixture-bank-16:1:target-a:fixture-bank-16:p0007,target-a,fixture-bank-16,target-a:fixture-bank-16:p0007,1,0,3,fixture-bank-12,f335dafda0fd58c8b4b86705a3a7f58408bcb96eac2e794efd5fbb7301791239,fixture-base-16,1,csi-pairs-v6-software-fixture,ded1ec639ff3e6fd5eba769d42db1ed36222a48af333a30a670254b30b164b74,620f300cbec1f56da4691882bc7dbe52593dc597fc62f6ae925c0f6ac72f1c6b,True,FORBIDDEN,0901433cbfe906073eae45118a1466e03afab04a766a3061a988ffe089ba4e01,9548a24a4faf5db17b5251df407b4402de033ae8648ec321c850fe6105002cf1,8128818d8ea8f5c3517d04da28955f010269df61e756429957a0a032386f6c51
fixture-bank-16:2:target-a:fixture-bank-16:p0006,target-a,fixture-bank-16,target-a:fixture-bank-16:p0006,2,3,0,fixture-bank-12,110472018b9c66bacdd9c769d894ac2815b11a12c865a3515837167d2335d3a8,fixture-base-16,1,csi-pairs-v6-software-fixture,ded1ec639ff3e6fd5eba769d42db1ed36222a48af333a30a670254b30b164b74,620f300cbec1f56da4691882bc7dbe52593dc597fc62f6ae925c0f6ac72f1c6b,True,FORBIDDEN,0901433cbfe906073eae45118a1466e03afab04a766a3061a988ffe089ba4e01,9548a24a4faf5db17b5251df407b4402de033ae8648ec321c850fe6105002cf1,8128818d8ea8f5c3517d04da28955f010269df61e756429957a0a032386f6c51
fixture-bank-16:2:target-a:fixture-bank-16:p0007,target-a,fixture-bank-16,target-a:fixture-bank-16:p0007,2,3,0,fixture-bank-12,c15ba6e8d03796ecc0616c786669fb26de908a451117e7c18e70c060c8851604,fixture-base-16,1,csi-pairs-v6-software-fixture,ded1ec639ff3e6fd5eba769d42db1ed36222a48af333a30a670254b30b164b74,620f300cbec1f56da4691882bc7dbe52593dc597fc62f6ae925c0f6ac72f1c6b,True,FORBIDDEN,0901433cbfe906073eae45118a1466e03afab04a766a3061a988ffe089ba4e01,9548a24a4faf5db17b5251df407b4402de033ae8648ec321c850fe6105002cf1,8128818d8ea8f5c3517d04da28955f010269df61e756429957a0a032386f6c51
fixture-bank-16:3:target-a:fixture-bank-16:p0006,target-a,fixture-bank-16,target-a:fixture-bank-16:p0006,3,2,1,fixture-bank-12,3ca243cd48a3d2061c053ce0cb3ea753d31ad490e925476e2edcc3a359c8df5e,fixture-base-16,1,csi-pairs-v6-software-fixture,ded1ec639ff3e6fd5eba769d42db1ed36222a48af333a30a670254b30b164b74,620f300cbec1f56da4691882bc7dbe52593dc597fc62f6ae925c0f6ac72f1c6b,True,FORBIDDEN,0901433cbfe906073eae45118a1466e03afab04a766a3061a988ffe089ba4e01,9548a24a4faf5db17b5251df407b4402de033ae8648ec321c850fe6105002cf1,8128818d8ea8f5c3517d04da28955f010269df61e756429957a0a032386f6c51
fixture-bank-16:3:target-a:fixture-bank-16:p0007,target-a,fixture-bank-16,target-a:fixture-bank-16:p0007,3,2,1,fixture-bank-12,282c30f187cf1cb37f43228627883c464c5548076cdf2a303c8ceb548026454f,fixture-base-16,1,csi-pairs-v6-software-fixture,ded1ec639ff3e6fd5eba769d42db1ed36222a48af333a30a670254b30b164b74,620f300cbec1f56da4691882bc7dbe52593dc597fc62f6ae925c0f6ac72f1c6b,True,FORBIDDEN,0901433cbfe906073eae45118a1466e03afab04a766a3061a988ffe089ba4e01,9548a24a4faf5db17b5251df407b4402de033ae8648ec321c850fe6105002cf1,8128818d8ea8f5c3517d04da28955f010269df61e756429957a0a032386f6c51
fixture-bank-17:0:target-b:fixture-bank-17:p0005,target-b,fixture-bank-17,target-b:fixture-bank-17:p0005,0,1,2,fixture-bank-12,090e37279fcf9463c8e9a43e13d57a28c1619c90c40ce966082940ac5e5437a5,fixture-base-17,1,csi-pairs-v6-software-fixture,ded1ec639ff3e6fd5eba769d42db1ed36222a48af333a30a670254b30b164b74,620f300cbec1f56da4691882bc7dbe52593dc597fc62f6ae925c0f6ac72f1c6b,True,FORBIDDEN,0901433cbfe906073eae45118a1466e03afab04a766a3061a988ffe089ba4e01,9548a24a4faf5db17b5251df407b4402de033ae8648ec321c850fe6105002cf1,8128818d8ea8f5c3517d04da28955f010269df61e756429957a0a032386f6c51
fixture-bank-17:0:target-b:fixture-bank-17:p0006,target-b,fixture-bank-17,target-b:fixture-bank-17:p0006,0,2,1,fixture-bank-12,f2c430e83e11c44d0a512a66aa601e2cf60b82028542a8d5024c86250c27f9d7,fixture-base-17,1,csi-pairs-v6-software-fixture,ded1ec639ff3e6fd5eba769d42db1ed36222a48af333a30a670254b30b164b74,620f300cbec1f56da4691882bc7dbe52593dc597fc62f6ae925c0f6ac72f1c6b,True,FORBIDDEN,0901433cbfe906073eae45118a1466e03afab04a766a3061a988ffe089ba4e01,9548a24a4faf5db17b5251df407b4402de033ae8648ec321c850fe6105002cf1,8128818d8ea8f5c3517d04da28955f010269df61e756429957a0a032386f6c51
fixture-bank-17:0:target-b:fixture-bank-17:p0007,target-b,fixture-bank-17,target-b:fixture-bank-17:p0007,0,2,1,fixture-bank-12,77f381963070fc018381a77821f77648e53ca565f6a28ae2084291f6456c6390,fixture-base-17,1,csi-pairs-v6-software-fixture,ded1ec639ff3e6fd5eba769d42db1ed36222a48af333a30a670254b30b164b74,620f300cbec1f56da4691882bc7dbe52593dc597fc62f6ae925c0f6ac72f1c6b,True,FORBIDDEN,0901433cbfe906073eae45118a1466e03afab04a766a3061a988ffe089ba4e01,9548a24a4faf5db17b5251df407b4402de033ae8648ec321c850fe6105002cf1,8128818d8ea8f5c3517d04da28955f010269df61e756429957a0a032386f6c51
fixture-bank-17:1:target-b:fixture-bank-17:p0005,target-b,fixture-bank-17,target-b:fixture-bank-17:p0005,1,0,3,fixture-bank-12,115b58c538b7e1ae154f7b6927cac758a9a4afe0a28856aff193f0368541b706,fixture-base-17,1,csi-pairs-v6-software-fixture,ded1ec639ff3e6fd5eba769d42db1ed36222a48af333a30a670254b30b164b74,620f300cbec1f56da4691882bc7dbe52593dc597fc62f6ae925c0f6ac72f1c6b,True,FORBIDDEN,0901433cbfe906073eae45118a1466e03afab04a766a3061a988ffe089ba4e01,9548a24a4faf5db17b5251df407b4402de033ae8648ec321c850fe6105002cf1,8128818d8ea8f5c3517d04da28955f010269df61e756429957a0a032386f6c51
fixture-bank-17:1:target-b:fixture-bank-17:p0006,target-b,fixture-bank-17,target-b:fixture-bank-17:p0006,1,3,0,fixture-bank-12,d72a93b53ebc738e92af3fa8e7781c251c0115edb87110e155f333cb543562f4,fixture-base-17,1,csi-pairs-v6-software-fixture,ded1ec639ff3e6fd5eba769d42db1ed36222a48af333a30a670254b30b164b74,620f300cbec1f56da4691882bc7dbe52593dc597fc62f6ae925c0f6ac72f1c6b,True,FORBIDDEN,0901433cbfe906073eae45118a1466e03afab04a766a3061a988ffe089ba4e01,9548a24a4faf5db17b5251df407b4402de033ae8648ec321c850fe6105002cf1,8128818d8ea8f5c3517d04da28955f010269df61e756429957a0a032386f6c51
fixture-bank-17:1:target-b:fixture-bank-17:p0007,target-b,fixture-bank-17,target-b:fixture-bank-17:p0007,1,3,0,fixture-bank-12,9e23f67e65620ee7099f813af7f8aa13b587de469490478873c299624e22a9d9,fixture-base-17,1,csi-pairs-v6-software-fixture,ded1ec639ff3e6fd5eba769d42db1ed36222a48af333a30a670254b30b164b74,620f300cbec1f56da4691882bc7dbe52593dc597fc62f6ae925c0f6ac72f1c6b,True,FORBIDDEN,0901433cbfe906073eae45118a1466e03afab04a766a3061a988ffe089ba4e01,9548a24a4faf5db17b5251df407b4402de033ae8648ec321c850fe6105002cf1,8128818d8ea8f5c3517d04da28955f010269df61e756429957a0a032386f6c51
fixture-bank-17:2:target-b:fixture-bank-17:p0005,target-b,fixture-bank-17,target-b:fixture-bank-17:p0005,2,3,0,fixture-bank-12,ea351944f83c126c8fc8137617c43091597a6b9356239985fc57375ebb8c0700,fixture-base-17,1,csi-pairs-v6-software-fixture,ded1ec639ff3e6fd5eba769d42db1ed36222a48af333a30a670254b30b164b74,620f300cbec1f56da4691882bc7dbe52593dc597fc62f6ae925c0f6ac72f1c6b,True,FORBIDDEN,0901433cbfe906073eae45118a1466e03afab04a766a3061a988ffe089ba4e01,9548a24a4faf5db17b5251df407b4402de033ae8648ec321c850fe6105002cf1,8128818d8ea8f5c3517d04da28955f010269df61e756429957a0a032386f6c51
fixture-bank-17:2:target-b:fixture-bank-17:p0006,target-b,fixture-bank-17,target-b:fixture-bank-17:p0006,2,0,3,fixture-bank-12,5fc991ba893e48a14dcb11b0d032a5ac84789d553efd64123ade9785c5d8779e,fixture-base-17,1,csi-pairs-v6-software-fixture,ded1ec639ff3e6fd5eba769d42db1ed36222a48af333a30a670254b30b164b74,620f300cbec1f56da4691882bc7dbe52593dc597fc62f6ae925c0f6ac72f1c6b,True,FORBIDDEN,0901433cbfe906073eae45118a1466e03afab04a766a3061a988ffe089ba4e01,9548a24a4faf5db17b5251df407b4402de033ae8648ec321c850fe6105002cf1,8128818d8ea8f5c3517d04da28955f010269df61e756429957a0a032386f6c51
fixture-bank-17:2:target-b:fixture-bank-17:p0007,target-b,fixture-bank-17,target-b:fixture-bank-17:p0007,2,0,3,fixture-bank-12,2d467c82e770482b4d44904b01759d638b7b10bc3a42e47f4a9c7c5261656ac4,fixture-base-17,1,csi-pairs-v6-software-fixture,ded1ec639ff3e6fd5eba769d42db1ed36222a48af333a30a670254b30b164b74,620f300cbec1f56da4691882bc7dbe52593dc597fc62f6ae925c0f6ac72f1c6b,True,FORBIDDEN,0901433cbfe906073eae45118a1466e03afab04a766a3061a988ffe089ba4e01,9548a24a4faf5db17b5251df407b4402de033ae8648ec321c850fe6105002cf1,8128818d8ea8f5c3517d04da28955f010269df61e756429957a0a032386f6c51
fixture-bank-17:3:target-b:fixture-bank-17:p0005,target-b,fixture-bank-17,target-b:fixture-bank-17:p0005,3,2,1,fixture-bank-12,92b299488e2b37375456e3d511e6b3be7867fdec956df82dfbbba40cf37d2283,fixture-base-17,1,csi-pairs-v6-software-fixture,ded1ec639ff3e6fd5eba769d42db1ed36222a48af333a30a670254b30b164b74,620f300cbec1f56da4691882bc7dbe52593dc597fc62f6ae925c0f6ac72f1c6b,True,FORBIDDEN,0901433cbfe906073eae45118a1466e03afab04a766a3061a988ffe089ba4e01,9548a24a4faf5db17b5251df407b4402de033ae8648ec321c850fe6105002cf1,8128818d8ea8f5c3517d04da28955f010269df61e756429957a0a032386f6c51
fixture-bank-17:3:target-b:fixture-bank-17:p0006,target-b,fixture-bank-17,target-b:fixture-bank-17:p0006,3,1,2,fixture-bank-12,50b06a79e7dc28938e677c3144b1b48558b680cb880b73d0feea33a12d1853b0,fixture-base-17,1,csi-pairs-v6-software-fixture,ded1ec639ff3e6fd5eba769d42db1ed36222a48af333a30a670254b30b164b74,620f300cbec1f56da4691882bc7dbe52593dc597fc62f6ae925c0f6ac72f1c6b,True,FORBIDDEN,0901433cbfe906073eae45118a1466e03afab04a766a3061a988ffe089ba4e01,9548a24a4faf5db17b5251df407b4402de033ae8648ec321c850fe6105002cf1,8128818d8ea8f5c3517d04da28955f010269df61e756429957a0a032386f6c51
fixture-bank-17:3:target-b:fixture-bank-17:p0007,target-b,fixture-bank-17,target-b:fixture-bank-17:p0007,3,1,2,fixture-bank-12,847d9e4d7cd6e3549cbd5e2919e0876f35d2d53984599f389cd95b94a0fd39c2,fixture-base-17,1,csi-pairs-v6-software-fixture,ded1ec639ff3e6fd5eba769d42db1ed36222a48af333a30a670254b30b164b74,620f300cbec1f56da4691882bc7dbe52593dc597fc62f6ae925c0f6ac72f1c6b,True,FORBIDDEN,0901433cbfe906073eae45118a1466e03afab04a766a3061a988ffe089ba4e01,9548a24a4faf5db17b5251df407b4402de033ae8648ec321c850fe6105002cf1,8128818d8ea8f5c3517d04da28955f010269df61e756429957a0a032386f6c51
