arm,city_id,budget,independent_base_map_clusters,training_seeds,label_draws,mean_bank_median_error_m,mean_utility_neg_log_median,mean_bank_p90_error_m,artifact_label,dataset_sha256,config_sha256,fixture,scientific_use,source_tree_sha256,requirements_lock_sha256,runtime_provenance_sha256
alignment,target-boston,0,41,3,1,13.19192742470109,-2.3882465169291422,34.66836115640259,csi-pairs-formal-v2.1-v6,060d8671380acaf43bd0beb2c77ac5c6ec112e4ddc083451ab36a5916b7c9cac,3424a269a751f219f4897b969db7cc13d2236fc72e8e2ccb663dec8d7f8f477c,False,CANDIDATE_NOT_CLAIM,8e8eaf212578b3dc624e40d1d979f0c37787afa3e7e464eac52d5b68610dfe07,9548a24a4faf5db17b5251df407b4402de033ae8648ec321c850fe6105002cf1,b932e19891ce63535cf1714a6b3adb0ade296d0a6a6326a4aebf3c1041117a30
alignment,target-boston,8,41,3,10,16.727958929549022,-2.665528626810623,42.949178747395834,csi-pairs-formal-v2.1-v6,060d8671380acaf43bd0beb2c77ac5c6ec112e4ddc083451ab36a5916b7c9cac,3424a269a751f219f4897b969db7cc13d2236fc72e8e2ccb663dec8d7f8f477c,False,CANDIDATE_NOT_CLAIM,8e8eaf212578b3dc624e40d1d979f0c37787afa3e7e464eac52d5b68610dfe07,9548a24a4faf5db17b5251df407b4402de033ae8648ec321c850fe6105002cf1,b932e19891ce63535cf1714a6b3adb0ade296d0a6a6326a4aebf3c1041117a30
alignment,target-boston,32,41,3,10,15.75312854913914,-2.6216900630163464,39.75608557656259,csi-pairs-formal-v2.1-v6,060d8671380acaf43bd0beb2c77ac5c6ec112e4ddc083451ab36a5916b7c9cac,3424a269a751f219f4897b969db7cc13d2236fc72e8e2ccb663dec8d7f8f477c,False,CANDIDATE_NOT_CLAIM,8e8eaf212578b3dc624e40d1d979f0c37787afa3e7e464eac52d5b68610dfe07,9548a24a4faf5db17b5251df407b4402de033ae8648ec321c850fe6105002cf1,b932e19891ce63535cf1714a6b3adb0ade296d0a6a6326a4aebf3c1041117a30
alignment,target-boston,128,41,3,10,14.238238996625348,-2.5271386124254054,37.23085954634888,csi-pairs-formal-v2.1-v6,060d8671380acaf43bd0beb2c77ac5c6ec112e4ddc083451ab36a5916b7c9cac,3424a269a751f219f4897b969db7cc13d2236fc72e8e2ccb663dec8d7f8f477c,False,CANDIDATE_NOT_CLAIM,8e8eaf212578b3dc624e40d1d979f0c37787afa3e7e464eac52d5b68610dfe07,9548a24a4faf5db17b5251df407b4402de033ae8648ec321c850fe6105002cf1,b932e19891ce63535cf1714a6b3adb0ade296d0a6a6326a4aebf3c1041117a30
alignment,target-seattle,0,41,3,1,10.08064452198279,-2.1652945054065857,32.31960746753708,csi-pairs-formal-v2.1-v6,060d8671380acaf43bd0beb2c77ac5c6ec112e4ddc083451ab36a5916b7c9cac,3424a269a751f219f4897b969db7cc13d2236fc72e8e2ccb663dec8d7f8f477c,False,CANDIDATE_NOT_CLAIM,8e8eaf212578b3dc624e40d1d979f0c37787afa3e7e464eac52d5b68610dfe07,9548a24a4faf5db17b5251df407b4402de033ae8648ec321c850fe6105002cf1,b932e19891ce63535cf1714a6b3adb0ade296d0a6a6326a4aebf3c1041117a30
alignment,target-seattle,8,41,3,10,13.07246361461609,-2.46781605662123,36.7081082695571,csi-pairs-formal-v2.1-v6,060d8671380acaf43bd0beb2c77ac5c6ec112e4ddc083451ab36a5916b7c9cac,3424a269a751f219f4897b969db7cc13d2236fc72e8e2ccb663dec8d7f8f477c,False,CANDIDATE_NOT_CLAIM,8e8eaf212578b3dc624e40d1d979f0c37787afa3e7e464eac52d5b68610dfe07,9548a24a4faf5db17b5251df407b4402de033ae8648ec321c850fe6105002cf1,b932e19891ce63535cf1714a6b3adb0ade296d0a6a6326a4aebf3c1041117a30
alignment,target-seattle,32,41,3,10,12.44954815822885,-2.4231516094856933,36.01466053401261,csi-pairs-formal-v2.1-v6,060d8671380acaf43bd0beb2c77ac5c6ec112e4ddc083451ab36a5916b7c9cac,3424a269a751f219f4897b969db7cc13d2236fc72e8e2ccb663dec8d7f8f477c,False,CANDIDATE_NOT_CLAIM,8e8eaf212578b3dc624e40d1d979f0c37787afa3e7e464eac52d5b68610dfe07,9548a24a4faf5db17b5251df407b4402de033ae8648ec321c850fe6105002cf1,b932e19891ce63535cf1714a6b3adb0ade296d0a6a6326a4aebf3c1041117a30
alignment,target-seattle,128,41,3,10,11.613437761474492,-2.3588666303357604,34.16576408534796,csi-pairs-formal-v2.1-v6,060d8671380acaf43bd0beb2c77ac5c6ec112e4ddc083451ab36a5916b7c9cac,3424a269a751f219f4897b969db7cc13d2236fc72e8e2ccb663dec8d7f8f477c,False,CANDIDATE_NOT_CLAIM,8e8eaf212578b3dc624e40d1d979f0c37787afa3e7e464eac52d5b68610dfe07,9548a24a4faf5db17b5251df407b4402de033ae8648ec321c850fe6105002cf1,b932e19891ce63535cf1714a6b3adb0ade296d0a6a6326a4aebf3c1041117a30
endpoint,target-boston,0,41,3,1,12.215381641815107,-2.296331478186112,33.51959104064008,csi-pairs-formal-v2.1-v6,060d8671380acaf43bd0beb2c77ac5c6ec112e4ddc083451ab36a5916b7c9cac,3424a269a751f219f4897b969db7cc13d2236fc72e8e2ccb663dec8d7f8f477c,False,CANDIDATE_NOT_CLAIM,8e8eaf212578b3dc624e40d1d979f0c37787afa3e7e464eac52d5b68610dfe07,9548a24a4faf5db17b5251df407b4402de033ae8648ec321c850fe6105002cf1,b932e19891ce63535cf1714a6b3adb0ade296d0a6a6326a4aebf3c1041117a30
endpoint,target-boston,8,41,3,10,15.17689055230249,-2.56268915401901,39.00121698589208,csi-pairs-formal-v2.1-v6,060d8671380acaf43bd0beb2c77ac5c6ec112e4ddc083451ab36a5916b7c9cac,3424a269a751f219f4897b969db7cc13d2236fc72e8e2ccb663dec8d7f8f477c,False,CANDIDATE_NOT_CLAIM,8e8eaf212578b3dc624e40d1d979f0c37787afa3e7e464eac52d5b68610dfe07,9548a24a4faf5db17b5251df407b4402de033ae8648ec321c850fe6105002cf1,b932e19891ce63535cf1714a6b3adb0ade296d0a6a6326a4aebf3c1041117a30
endpoint,target-boston,32,41,3,10,14.612376129575708,-2.5396270096026203,38.18438878746497,csi-pairs-formal-v2.1-v6,060d8671380acaf43bd0beb2c77ac5c6ec112e4ddc083451ab36a5916b7c9cac,3424a269a751f219f4897b969db7cc13d2236fc72e8e2ccb663dec8d7f8f477c,False,CANDIDATE_NOT_CLAIM,8e8eaf212578b3dc624e40d1d979f0c37787afa3e7e464eac52d5b68610dfe07,9548a24a4faf5db17b5251df407b4402de033ae8648ec321c850fe6105002cf1,b932e19891ce63535cf1714a6b3adb0ade296d0a6a6326a4aebf3c1041117a30
endpoint,target-boston,128,41,3,10,13.343995959376663,-2.4529829267371266,35.143776889527345,csi-pairs-formal-v2.1-v6,060d8671380acaf43bd0beb2c77ac5c6ec112e4ddc083451ab36a5916b7c9cac,3424a269a751f219f4897b969db7cc13d2236fc72e8e2ccb663dec8d7f8f477c,False,CANDIDATE_NOT_CLAIM,8e8eaf212578b3dc624e40d1d979f0c37787afa3e7e464eac52d5b68610dfe07,9548a24a4faf5db17b5251df407b4402de033ae8648ec321c850fe6105002cf1,b932e19891ce63535cf1714a6b3adb0ade296d0a6a6326a4aebf3c1041117a30
endpoint,target-seattle,0,41,3,1,9.5314282999011,-2.087860198190711,30.76270389522339,csi-pairs-formal-v2.1-v6,060d8671380acaf43bd0beb2c77ac5c6ec112e4ddc083451ab36a5916b7c9cac,3424a269a751f219f4897b969db7cc13d2236fc72e8e2ccb663dec8d7f8f477c,False,CANDIDATE_NOT_CLAIM,8e8eaf212578b3dc624e40d1d979f0c37787afa3e7e464eac52d5b68610dfe07,9548a24a4faf5db17b5251df407b4402de033ae8648ec321c850fe6105002cf1,b932e19891ce63535cf1714a6b3adb0ade296d0a6a6326a4aebf3c1041117a30
endpoint,target-seattle,8,41,3,10,12.860347282065337,-2.4284989104492247,37.14093103793852,csi-pairs-formal-v2.1-v6,060d8671380acaf43bd0beb2c77ac5c6ec112e4ddc083451ab36a5916b7c9cac,3424a269a751f219f4897b969db7cc13d2236fc72e8e2ccb663dec8d7f8f477c,False,CANDIDATE_NOT_CLAIM,8e8eaf212578b3dc624e40d1d979f0c37787afa3e7e464eac52d5b68610dfe07,9548a24a4faf5db17b5251df407b4402de033ae8648ec321c850fe6105002cf1,b932e19891ce63535cf1714a6b3adb0ade296d0a6a6326a4aebf3c1041117a30
endpoint,target-seattle,32,41,3,10,11.927112247978597,-2.3713800165834105,35.00674284031906,csi-pairs-formal-v2.1-v6,060d8671380acaf43bd0beb2c77ac5c6ec112e4ddc083451ab36a5916b7c9cac,3424a269a751f219f4897b969db7cc13d2236fc72e8e2ccb663dec8d7f8f477c,False,CANDIDATE_NOT_CLAIM,8e8eaf212578b3dc624e40d1d979f0c37787afa3e7e464eac52d5b68610dfe07,9548a24a4faf5db17b5251df407b4402de033ae8648ec321c850fe6105002cf1,b932e19891ce63535cf1714a6b3adb0ade296d0a6a6326a4aebf3c1041117a30
endpoint,target-seattle,128,41,3,10,10.964707554704015,-2.291702805111619,32.40180798523828,csi-pairs-formal-v2.1-v6,060d8671380acaf43bd0beb2c77ac5c6ec112e4ddc083451ab36a5916b7c9cac,3424a269a751f219f4897b969db7cc13d2236fc72e8e2ccb663dec8d7f8f477c,False,CANDIDATE_NOT_CLAIM,8e8eaf212578b3dc624e40d1d979f0c37787afa3e7e464eac52d5b68610dfe07,9548a24a4faf5db17b5251df407b4402de033ae8648ec321c850fe6105002cf1,b932e19891ce63535cf1714a6b3adb0ade296d0a6a6326a4aebf3c1041117a30
full,target-boston,0,41,3,1,11.985595121032393,-2.276309361361088,33.06825942025621,csi-pairs-formal-v2.1-v6,060d8671380acaf43bd0beb2c77ac5c6ec112e4ddc083451ab36a5916b7c9cac,3424a269a751f219f4897b969db7cc13d2236fc72e8e2ccb663dec8d7f8f477c,False,CANDIDATE_NOT_CLAIM,8e8eaf212578b3dc624e40d1d979f0c37787afa3e7e464eac52d5b68610dfe07,9548a24a4faf5db17b5251df407b4402de033ae8648ec321c850fe6105002cf1,b932e19891ce63535cf1714a6b3adb0ade296d0a6a6326a4aebf3c1041117a30
full,target-boston,8,41,3,10,16.0371427663667,-2.6199212393552203,41.157529934567805,csi-pairs-formal-v2.1-v6,060d8671380acaf43bd0beb2c77ac5c6ec112e4ddc083451ab36a5916b7c9cac,3424a269a751f219f4897b969db7cc13d2236fc72e8e2ccb663dec8d7f8f477c,False,CANDIDATE_NOT_CLAIM,8e8eaf212578b3dc624e40d1d979f0c37787afa3e7e464eac52d5b68610dfe07,9548a24a4faf5db17b5251df407b4402de033ae8648ec321c850fe6105002cf1,b932e19891ce63535cf1714a6b3adb0ade296d0a6a6326a4aebf3c1041117a30
full,target-boston,32,41,3,10,14.398875588793539,-2.516280964134618,37.72429807099771,csi-pairs-formal-v2.1-v6,060d8671380acaf43bd0beb2c77ac5c6ec112e4ddc083451ab36a5916b7c9cac,3424a269a751f219f4897b969db7cc13d2236fc72e8e2ccb663dec8d7f8f477c,False,CANDIDATE_NOT_CLAIM,8e8eaf212578b3dc624e40d1d979f0c37787afa3e7e464eac52d5b68610dfe07,9548a24a4faf5db17b5251df407b4402de033ae8648ec321c850fe6105002cf1,b932e19891ce63535cf1714a6b3adb0ade296d0a6a6326a4aebf3c1041117a30
full,target-boston,128,41,3,10,13.515084122365232,-2.473370815151718,35.42784388816041,csi-pairs-formal-v2.1-v6,060d8671380acaf43bd0beb2c77ac5c6ec112e4ddc083451ab36a5916b7c9cac,3424a269a751f219f4897b969db7cc13d2236fc72e8e2ccb663dec8d7f8f477c,False,CANDIDATE_NOT_CLAIM,8e8eaf212578b3dc624e40d1d979f0c37787afa3e7e464eac52d5b68610dfe07,9548a24a4faf5db17b5251df407b4402de033ae8648ec321c850fe6105002cf1,b932e19891ce63535cf1714a6b3adb0ade296d0a6a6326a4aebf3c1041117a30
full,target-seattle,0,41,3,1,9.1516786851811,-2.037764001124237,29.669264667651895,csi-pairs-formal-v2.1-v6,060d8671380acaf43bd0beb2c77ac5c6ec112e4ddc083451ab36a5916b7c9cac,3424a269a751f219f4897b969db7cc13d2236fc72e8e2ccb663dec8d7f8f477c,False,CANDIDATE_NOT_CLAIM,8e8eaf212578b3dc624e40d1d979f0c37787afa3e7e464eac52d5b68610dfe07,9548a24a4faf5db17b5251df407b4402de033ae8648ec321c850fe6105002cf1,b932e19891ce63535cf1714a6b3adb0ade296d0a6a6326a4aebf3c1041117a30
full,target-seattle,8,41,3,10,13.075027575836053,-2.437786387799701,37.36616390362037,csi-pairs-formal-v2.1-v6,060d8671380acaf43bd0beb2c77ac5c6ec112e4ddc083451ab36a5916b7c9cac,3424a269a751f219f4897b969db7cc13d2236fc72e8e2ccb663dec8d7f8f477c,False,CANDIDATE_NOT_CLAIM,8e8eaf212578b3dc624e40d1d979f0c37787afa3e7e464eac52d5b68610dfe07,9548a24a4faf5db17b5251df407b4402de033ae8648ec321c850fe6105002cf1,b932e19891ce63535cf1714a6b3adb0ade296d0a6a6326a4aebf3c1041117a30
full,target-seattle,32,41,3,10,11.388892057779739,-2.3266237258578855,34.07445099702141,csi-pairs-formal-v2.1-v6,060d8671380acaf43bd0beb2c77ac5c6ec112e4ddc083451ab36a5916b7c9cac,3424a269a751f219f4897b969db7cc13d2236fc72e8e2ccb663dec8d7f8f477c,False,CANDIDATE_NOT_CLAIM,8e8eaf212578b3dc624e40d1d979f0c37787afa3e7e464eac52d5b68610dfe07,9548a24a4faf5db17b5251df407b4402de033ae8648ec321c850fe6105002cf1,b932e19891ce63535cf1714a6b3adb0ade296d0a6a6326a4aebf3c1041117a30
full,target-seattle,128,41,3,10,11.097603340993551,-2.3040595250287152,33.21270823364112,csi-pairs-formal-v2.1-v6,060d8671380acaf43bd0beb2c77ac5c6ec112e4ddc083451ab36a5916b7c9cac,3424a269a751f219f4897b969db7cc13d2236fc72e8e2ccb663dec8d7f8f477c,False,CANDIDATE_NOT_CLAIM,8e8eaf212578b3dc624e40d1d979f0c37787afa3e7e464eac52d5b68610dfe07,9548a24a4faf5db17b5251df407b4402de033ae8648ec321c850fe6105002cf1,b932e19891ce63535cf1714a6b3adb0ade296d0a6a6326a4aebf3c1041117a30
response,target-boston,0,41,3,1,11.594326273126475,-2.2065234561801317,31.37690968811418,csi-pairs-formal-v2.1-v6,060d8671380acaf43bd0beb2c77ac5c6ec112e4ddc083451ab36a5916b7c9cac,3424a269a751f219f4897b969db7cc13d2236fc72e8e2ccb663dec8d7f8f477c,False,CANDIDATE_NOT_CLAIM,8e8eaf212578b3dc624e40d1d979f0c37787afa3e7e464eac52d5b68610dfe07,9548a24a4faf5db17b5251df407b4402de033ae8648ec321c850fe6105002cf1,b932e19891ce63535cf1714a6b3adb0ade296d0a6a6326a4aebf3c1041117a30
response,target-boston,8,41,3,10,15.334705655965655,-2.5478689242562034,38.8473735290324,csi-pairs-formal-v2.1-v6,060d8671380acaf43bd0beb2c77ac5c6ec112e4ddc083451ab36a5916b7c9cac,3424a269a751f219f4897b969db7cc13d2236fc72e8e2ccb663dec8d7f8f477c,False,CANDIDATE_NOT_CLAIM,8e8eaf212578b3dc624e40d1d979f0c37787afa3e7e464eac52d5b68610dfe07,9548a24a4faf5db17b5251df407b4402de033ae8648ec321c850fe6105002cf1,b932e19891ce63535cf1714a6b3adb0ade296d0a6a6326a4aebf3c1041117a30
response,target-boston,32,41,3,10,13.70400991984206,-2.452314891790882,35.35716950455993,csi-pairs-formal-v2.1-v6,060d8671380acaf43bd0beb2c77ac5c6ec112e4ddc083451ab36a5916b7c9cac,3424a269a751f219f4897b969db7cc13d2236fc72e8e2ccb663dec8d7f8f477c,False,CANDIDATE_NOT_CLAIM,8e8eaf212578b3dc624e40d1d979f0c37787afa3e7e464eac52d5b68610dfe07,9548a24a4faf5db17b5251df407b4402de033ae8648ec321c850fe6105002cf1,b932e19891ce63535cf1714a6b3adb0ade296d0a6a6326a4aebf3c1041117a30
response,target-boston,128,41,3,10,12.647515404551232,-2.391893943832512,32.978302931024885,csi-pairs-formal-v2.1-v6,060d8671380acaf43bd0beb2c77ac5c6ec112e4ddc083451ab36a5916b7c9cac,3424a269a751f219f4897b969db7cc13d2236fc72e8e2ccb663dec8d7f8f477c,False,CANDIDATE_NOT_CLAIM,8e8eaf212578b3dc624e40d1d979f0c37787afa3e7e464eac52d5b68610dfe07,9548a24a4faf5db17b5251df407b4402de033ae8648ec321c850fe6105002cf1,b932e19891ce63535cf1714a6b3adb0ade296d0a6a6326a4aebf3c1041117a30
response,target-seattle,0,41,3,1,8.775193862508903,-1.9892124782179654,27.960063764640594,csi-pairs-formal-v2.1-v6,060d8671380acaf43bd0beb2c77ac5c6ec112e4ddc083451ab36a5916b7c9cac,3424a269a751f219f4897b969db7cc13d2236fc72e8e2ccb663dec8d7f8f477c,False,CANDIDATE_NOT_CLAIM,8e8eaf212578b3dc624e40d1d979f0c37787afa3e7e464eac52d5b68610dfe07,9548a24a4faf5db17b5251df407b4402de033ae8648ec321c850fe6105002cf1,b932e19891ce63535cf1714a6b3adb0ade296d0a6a6326a4aebf3c1041117a30
response,target-seattle,8,41,3,10,11.414612571273839,-2.311743857726567,32.21559758981046,csi-pairs-formal-v2.1-v6,060d8671380acaf43bd0beb2c77ac5c6ec112e4ddc083451ab36a5916b7c9cac,3424a269a751f219f4897b969db7cc13d2236fc72e8e2ccb663dec8d7f8f477c,False,CANDIDATE_NOT_CLAIM,8e8eaf212578b3dc624e40d1d979f0c37787afa3e7e464eac52d5b68610dfe07,9548a24a4faf5db17b5251df407b4402de033ae8648ec321c850fe6105002cf1,b932e19891ce63535cf1714a6b3adb0ade296d0a6a6326a4aebf3c1041117a30
response,target-seattle,32,41,3,10,10.3175189068489,-2.2191747289660575,30.07335749282575,csi-pairs-formal-v2.1-v6,060d8671380acaf43bd0beb2c77ac5c6ec112e4ddc083451ab36a5916b7c9cac,3424a269a751f219f4897b969db7cc13d2236fc72e8e2ccb663dec8d7f8f477c,False,CANDIDATE_NOT_CLAIM,8e8eaf212578b3dc624e40d1d979f0c37787afa3e7e464eac52d5b68610dfe07,9548a24a4faf5db17b5251df407b4402de033ae8648ec321c850fe6105002cf1,b932e19891ce63535cf1714a6b3adb0ade296d0a6a6326a4aebf3c1041117a30
response,target-seattle,128,41,3,10,10.235400251799211,-2.217974814471646,30.213539284063007,csi-pairs-formal-v2.1-v6,060d8671380acaf43bd0beb2c77ac5c6ec112e4ddc083451ab36a5916b7c9cac,3424a269a751f219f4897b969db7cc13d2236fc72e8e2ccb663dec8d7f8f477c,False,CANDIDATE_NOT_CLAIM,8e8eaf212578b3dc624e40d1d979f0c37787afa3e7e464eac52d5b68610dfe07,9548a24a4faf5db17b5251df407b4402de033ae8648ec321c850fe6105002cf1,b932e19891ce63535cf1714a6b3adb0ade296d0a6a6326a4aebf3c1041117a30
